2025-07-20 17:18:54.976 - 💾 [UPLOAD] BEFORE_SAVE_WITH_FILEPATH | ID: df1a1238-bdb0-454b-9ed7-5f629030311e | FilePath: 87654321/df1a1238-bdb0-454b-9ed7-5f629030311e_Certificado_de_Antecedentes_Penales_1753042734961.pdf
2025-07-20 17:18:54.977 - 💾 [REPO] BEFORE_MAPPING | ID: df1a1238-bdb0-454b-9ed7-5f629030311e | Domain File: Certificado de Antecedentes Penales.pdf | FilePath: 87654321/df1a1238-bdb0-454b-9ed7-5f629030311e_Certificado_de_Antecedentes_Penales_1753042734961.pdf | Caller: Unknown
2025-07-20 17:18:54.979 - 💾 [REPO] AFTER_MAPPING  | ID: df1a1238-bdb0-454b-9ed7-5f629030311e | Entity Version: 0 | Entity File: Certificado de Antecedentes Penales.pdf | Entity FilePath: 87654321/df1a1238-bdb0-454b-9ed7-5f629030311e_Certificado_de_Antecedentes_Penales_1753042734961.pdf
2025-07-20 17:18:54.991 - 🔍 [17:18:54.988] PRE_PERSIST  | ID: df1a1238-bdb0-454b-9ed7-5f629030311e | Version: 0 | Archived: false | Info: FileName: Certificado de Antecedentes Penales.pdf, UploadDate: 2025-07-20T17:18:54.957975700 | Caller: DocumentEntity.debugPrePersist:101
2025-07-20 17:18:54.992 - 💾 [REPO] AFTER_JPA_SAVE | ID: df1a1238-bdb0-454b-9ed7-5f629030311e | Final Version: 0 | Final File: Certificado de Antecedentes Penales.pdf | Final FilePath: 87654321/df1a1238-bdb0-454b-9ed7-5f629030311e_Certificado_de_Antecedentes_Penales_1753042734961.pdf
2025-07-20 17:18:55.016 - ✅ [17:18:55.016] POST_PERSIST | ID: df1a1238-bdb0-454b-9ed7-5f629030311e | Version: 0 | Archived: false | Info: FileName: Certificado de Antecedentes Penales.pdf, PERSISTED
2025-07-20 17:18:55.120 - 💾 [UPLOAD] BEFORE_SAVE_WITH_FILEPATH | ID: 36c90e96-e79c-4ad2-a53d-81b2f552e3e8 | FilePath: 87654321/36c90e96-e79c-4ad2-a53d-81b2f552e3e8_Certificado_de_Antig_edad_Profesional_1753042735108.pdf
2025-07-20 17:18:55.120 - 💾 [REPO] BEFORE_MAPPING | ID: 36c90e96-e79c-4ad2-a53d-81b2f552e3e8 | Domain File: Certificado de Antigüedad Profesional.pdf | FilePath: 87654321/36c90e96-e79c-4ad2-a53d-81b2f552e3e8_Certificado_de_Antig_edad_Profesional_1753042735108.pdf | Caller: Unknown
2025-07-20 17:18:55.120 - 💾 [REPO] AFTER_MAPPING  | ID: 36c90e96-e79c-4ad2-a53d-81b2f552e3e8 | Entity Version: 0 | Entity File: Certificado de Antigüedad Profesional.pdf | Entity FilePath: 87654321/36c90e96-e79c-4ad2-a53d-81b2f552e3e8_Certificado_de_Antig_edad_Profesional_1753042735108.pdf
2025-07-20 17:18:55.122 - 🔍 [17:18:55.122] PRE_PERSIST  | ID: 36c90e96-e79c-4ad2-a53d-81b2f552e3e8 | Version: 0 | Archived: false | Info: FileName: Certificado de Antigüedad Profesional.pdf, UploadDate: 2025-07-20T17:18:55.106232200 | Caller: DocumentEntity.debugPrePersist:101
2025-07-20 17:18:55.122 - 💾 [REPO] AFTER_JPA_SAVE | ID: 36c90e96-e79c-4ad2-a53d-81b2f552e3e8 | Final Version: 0 | Final File: Certificado de Antigüedad Profesional.pdf | Final FilePath: 87654321/36c90e96-e79c-4ad2-a53d-81b2f552e3e8_Certificado_de_Antig_edad_Profesional_1753042735108.pdf
2025-07-20 17:18:55.127 - ✅ [17:18:55.127] POST_PERSIST | ID: 36c90e96-e79c-4ad2-a53d-81b2f552e3e8 | Version: 0 | Archived: false | Info: FileName: Certificado de Antigüedad Profesional.pdf, PERSISTED
2025-07-20 17:18:55.251 - 💾 [UPLOAD] BEFORE_SAVE_WITH_FILEPATH | ID: 93bfcd40-cf1a-4c7a-abce-97a5d23b7e3d | FilePath: 87654321/93bfcd40-cf1a-4c7a-abce-97a5d23b7e3d_Certificado_Sin_Sanciones_Disciplinarias_1753042735244.pdf
2025-07-20 17:18:55.252 - 💾 [REPO] BEFORE_MAPPING | ID: 93bfcd40-cf1a-4c7a-abce-97a5d23b7e3d | Domain File: Certificado Sin Sanciones Disciplinarias.pdf | FilePath: 87654321/93bfcd40-cf1a-4c7a-abce-97a5d23b7e3d_Certificado_Sin_Sanciones_Disciplinarias_1753042735244.pdf | Caller: Unknown
2025-07-20 17:18:55.252 - 💾 [REPO] AFTER_MAPPING  | ID: 93bfcd40-cf1a-4c7a-abce-97a5d23b7e3d | Entity Version: 0 | Entity File: Certificado Sin Sanciones Disciplinarias.pdf | Entity FilePath: 87654321/93bfcd40-cf1a-4c7a-abce-97a5d23b7e3d_Certificado_Sin_Sanciones_Disciplinarias_1753042735244.pdf
2025-07-20 17:18:55.254 - 🔍 [17:18:55.254] PRE_PERSIST  | ID: 93bfcd40-cf1a-4c7a-abce-97a5d23b7e3d | Version: 0 | Archived: false | Info: FileName: Certificado Sin Sanciones Disciplinarias.pdf, UploadDate: 2025-07-20T17:18:55.243506 | Caller: DocumentEntity.debugPrePersist:101
2025-07-20 17:18:55.254 - 💾 [REPO] AFTER_JPA_SAVE | ID: 93bfcd40-cf1a-4c7a-abce-97a5d23b7e3d | Final Version: 0 | Final File: Certificado Sin Sanciones Disciplinarias.pdf | Final FilePath: 87654321/93bfcd40-cf1a-4c7a-abce-97a5d23b7e3d_Certificado_Sin_Sanciones_Disciplinarias_1753042735244.pdf
2025-07-20 17:18:55.258 - ✅ [17:18:55.258] POST_PERSIST | ID: 93bfcd40-cf1a-4c7a-abce-97a5d23b7e3d | Version: 0 | Archived: false | Info: FileName: Certificado Sin Sanciones Disciplinarias.pdf, PERSISTED
2025-07-20 17:18:55.416 - 💾 [UPLOAD] BEFORE_SAVE_WITH_FILEPATH | ID: 48c4f305-3204-4859-be28-848c62b83ed7 | FilePath: 87654321/48c4f305-3204-4859-be28-848c62b83ed7_Constancia_de_CUIL_1753042735407.pdf
2025-07-20 17:18:55.416 - 💾 [REPO] BEFORE_MAPPING | ID: 48c4f305-3204-4859-be28-848c62b83ed7 | Domain File: Constancia de CUIL.pdf | FilePath: 87654321/48c4f305-3204-4859-be28-848c62b83ed7_Constancia_de_CUIL_1753042735407.pdf | Caller: Unknown
2025-07-20 17:18:55.416 - 💾 [REPO] AFTER_MAPPING  | ID: 48c4f305-3204-4859-be28-848c62b83ed7 | Entity Version: 0 | Entity File: Constancia de CUIL.pdf | Entity FilePath: 87654321/48c4f305-3204-4859-be28-848c62b83ed7_Constancia_de_CUIL_1753042735407.pdf
2025-07-20 17:18:55.417 - 🔍 [17:18:55.417] PRE_PERSIST  | ID: 48c4f305-3204-4859-be28-848c62b83ed7 | Version: 0 | Archived: false | Info: FileName: Constancia de CUIL.pdf, UploadDate: 2025-07-20T17:18:55.405947100 | Caller: DocumentEntity.debugPrePersist:101
2025-07-20 17:18:55.418 - 💾 [REPO] AFTER_JPA_SAVE | ID: 48c4f305-3204-4859-be28-848c62b83ed7 | Final Version: 0 | Final File: Constancia de CUIL.pdf | Final FilePath: 87654321/48c4f305-3204-4859-be28-848c62b83ed7_Constancia_de_CUIL_1753042735407.pdf
2025-07-20 17:18:55.420 - ✅ [17:18:55.420] POST_PERSIST | ID: 48c4f305-3204-4859-be28-848c62b83ed7 | Version: 0 | Archived: false | Info: FileName: Constancia de CUIL.pdf, PERSISTED
2025-07-20 17:18:55.720 - 💾 [UPLOAD] BEFORE_SAVE_WITH_FILEPATH | ID: c1116bb9-e94f-485e-b25c-efd140c58cbe | FilePath: 87654321/c1116bb9-e94f-485e-b25c-efd140c58cbe_DNI__Dorso__1753042735705.pdf
2025-07-20 17:18:55.720 - 💾 [REPO] BEFORE_MAPPING | ID: c1116bb9-e94f-485e-b25c-efd140c58cbe | Domain File: DNI (Dorso).pdf | FilePath: 87654321/c1116bb9-e94f-485e-b25c-efd140c58cbe_DNI__Dorso__1753042735705.pdf | Caller: Unknown
2025-07-20 17:18:55.720 - 💾 [REPO] AFTER_MAPPING  | ID: c1116bb9-e94f-485e-b25c-efd140c58cbe | Entity Version: 0 | Entity File: DNI (Dorso).pdf | Entity FilePath: 87654321/c1116bb9-e94f-485e-b25c-efd140c58cbe_DNI__Dorso__1753042735705.pdf
2025-07-20 17:18:55.726 - 🔍 [17:18:55.725] PRE_PERSIST  | ID: c1116bb9-e94f-485e-b25c-efd140c58cbe | Version: 0 | Archived: false | Info: FileName: DNI (Dorso).pdf, UploadDate: 2025-07-20T17:18:55.703566300 | Caller: DocumentEntity.debugPrePersist:101
2025-07-20 17:18:55.726 - 💾 [REPO] AFTER_JPA_SAVE | ID: c1116bb9-e94f-485e-b25c-efd140c58cbe | Final Version: 0 | Final File: DNI (Dorso).pdf | Final FilePath: 87654321/c1116bb9-e94f-485e-b25c-efd140c58cbe_DNI__Dorso__1753042735705.pdf
2025-07-20 17:18:55.730 - ✅ [17:18:55.730] POST_PERSIST | ID: c1116bb9-e94f-485e-b25c-efd140c58cbe | Version: 0 | Archived: false | Info: FileName: DNI (Dorso).pdf, PERSISTED
2025-07-20 17:18:56.057 - 💾 [UPLOAD] BEFORE_SAVE_WITH_FILEPATH | ID: e949d95b-4ade-471d-85d9-6bce06579325 | FilePath: 87654321/e949d95b-4ade-471d-85d9-6bce06579325_DNI__Frontal__1753042736035.pdf
2025-07-20 17:18:56.058 - 💾 [REPO] BEFORE_MAPPING | ID: e949d95b-4ade-471d-85d9-6bce06579325 | Domain File: DNI (Frontal).pdf | FilePath: 87654321/e949d95b-4ade-471d-85d9-6bce06579325_DNI__Frontal__1753042736035.pdf | Caller: Unknown
2025-07-20 17:18:56.058 - 💾 [REPO] AFTER_MAPPING  | ID: e949d95b-4ade-471d-85d9-6bce06579325 | Entity Version: 0 | Entity File: DNI (Frontal).pdf | Entity FilePath: 87654321/e949d95b-4ade-471d-85d9-6bce06579325_DNI__Frontal__1753042736035.pdf
2025-07-20 17:18:56.061 - 🔍 [17:18:56.061] PRE_PERSIST  | ID: e949d95b-4ade-471d-85d9-6bce06579325 | Version: 0 | Archived: false | Info: FileName: DNI (Frontal).pdf, UploadDate: 2025-07-20T17:18:56.032831600 | Caller: DocumentEntity.debugPrePersist:101
2025-07-20 17:18:56.062 - 💾 [REPO] AFTER_JPA_SAVE | ID: e949d95b-4ade-471d-85d9-6bce06579325 | Final Version: 0 | Final File: DNI (Frontal).pdf | Final FilePath: 87654321/e949d95b-4ade-471d-85d9-6bce06579325_DNI__Frontal__1753042736035.pdf
2025-07-20 17:18:56.063 - ✅ [17:18:56.063] POST_PERSIST | ID: e949d95b-4ade-471d-85d9-6bce06579325 | Version: 0 | Archived: false | Info: FileName: DNI (Frontal).pdf, PERSISTED
2025-07-20 20:00:38.464 - 💾 [UPLOAD] BEFORE_SAVE_WITH_FILEPATH | ID: 3ceccb49-ad27-41ef-a791-e291e5512e5f | FilePath: 87654321/3ceccb49-ad27-41ef-a791-e291e5512e5f_Certificado_de_Antecedentes_Penales_1753052438453.pdf
2025-07-20 20:00:38.465 - 💾 [REPO] BEFORE_MAPPING | ID: 3ceccb49-ad27-41ef-a791-e291e5512e5f | Domain File: Certificado de Antecedentes Penales.pdf | FilePath: 87654321/3ceccb49-ad27-41ef-a791-e291e5512e5f_Certificado_de_Antecedentes_Penales_1753052438453.pdf | Caller: Unknown
2025-07-20 20:00:38.467 - 💾 [REPO] AFTER_MAPPING  | ID: 3ceccb49-ad27-41ef-a791-e291e5512e5f | Entity Version: 0 | Entity File: Certificado de Antecedentes Penales.pdf | Entity FilePath: 87654321/3ceccb49-ad27-41ef-a791-e291e5512e5f_Certificado_de_Antecedentes_Penales_1753052438453.pdf
2025-07-20 20:00:38.475 - 🔍 [20:00:38.473] PRE_PERSIST  | ID: 3ceccb49-ad27-41ef-a791-e291e5512e5f | Version: 0 | Archived: false | Info: FileName: Certificado de Antecedentes Penales.pdf, UploadDate: 2025-07-20T20:00:38.448044900 | Caller: DocumentEntity.debugPrePersist:101
2025-07-20 20:00:38.476 - 💾 [REPO] AFTER_JPA_SAVE | ID: 3ceccb49-ad27-41ef-a791-e291e5512e5f | Final Version: 0 | Final File: Certificado de Antecedentes Penales.pdf | Final FilePath: 87654321/3ceccb49-ad27-41ef-a791-e291e5512e5f_Certificado_de_Antecedentes_Penales_1753052438453.pdf
2025-07-20 20:00:38.497 - ✅ [20:00:38.497] POST_PERSIST | ID: 3ceccb49-ad27-41ef-a791-e291e5512e5f | Version: 0 | Archived: false | Info: FileName: Certificado de Antecedentes Penales.pdf, PERSISTED
2025-07-20 20:00:38.602 - 💾 [UPLOAD] BEFORE_SAVE_WITH_FILEPATH | ID: 0c699466-1581-4e0f-938f-8bd99e764441 | FilePath: 87654321/0c699466-1581-4e0f-938f-8bd99e764441_Certificado_de_Antig_edad_Profesional_1753052438593.pdf
2025-07-20 20:00:38.602 - 💾 [REPO] BEFORE_MAPPING | ID: 0c699466-1581-4e0f-938f-8bd99e764441 | Domain File: Certificado de Antigüedad Profesional.pdf | FilePath: 87654321/0c699466-1581-4e0f-938f-8bd99e764441_Certificado_de_Antig_edad_Profesional_1753052438593.pdf | Caller: Unknown
2025-07-20 20:00:38.602 - 💾 [REPO] AFTER_MAPPING  | ID: 0c699466-1581-4e0f-938f-8bd99e764441 | Entity Version: 0 | Entity File: Certificado de Antigüedad Profesional.pdf | Entity FilePath: 87654321/0c699466-1581-4e0f-938f-8bd99e764441_Certificado_de_Antig_edad_Profesional_1753052438593.pdf
2025-07-20 20:00:38.605 - 🔍 [20:00:38.604] PRE_PERSIST  | ID: 0c699466-1581-4e0f-938f-8bd99e764441 | Version: 0 | Archived: false | Info: FileName: Certificado de Antigüedad Profesional.pdf, UploadDate: 2025-07-20T20:00:38.592635300 | Caller: DocumentEntity.debugPrePersist:101
2025-07-20 20:00:38.605 - 💾 [REPO] AFTER_JPA_SAVE | ID: 0c699466-1581-4e0f-938f-8bd99e764441 | Final Version: 0 | Final File: Certificado de Antigüedad Profesional.pdf | Final FilePath: 87654321/0c699466-1581-4e0f-938f-8bd99e764441_Certificado_de_Antig_edad_Profesional_1753052438593.pdf
2025-07-20 20:00:38.612 - ✅ [20:00:38.612] POST_PERSIST | ID: 0c699466-1581-4e0f-938f-8bd99e764441 | Version: 0 | Archived: false | Info: FileName: Certificado de Antigüedad Profesional.pdf, PERSISTED
2025-07-20 20:00:38.758 - 💾 [UPLOAD] BEFORE_SAVE_WITH_FILEPATH | ID: 6010e3b7-1632-4789-a840-781f0c2a0c79 | FilePath: 87654321/6010e3b7-1632-4789-a840-781f0c2a0c79_Certificado_Sin_Sanciones_Disciplinarias_1753052438749.pdf
2025-07-20 20:00:38.758 - 💾 [REPO] BEFORE_MAPPING | ID: 6010e3b7-1632-4789-a840-781f0c2a0c79 | Domain File: Certificado Sin Sanciones Disciplinarias.pdf | FilePath: 87654321/6010e3b7-1632-4789-a840-781f0c2a0c79_Certificado_Sin_Sanciones_Disciplinarias_1753052438749.pdf | Caller: Unknown
2025-07-20 20:00:38.758 - 💾 [REPO] AFTER_MAPPING  | ID: 6010e3b7-1632-4789-a840-781f0c2a0c79 | Entity Version: 0 | Entity File: Certificado Sin Sanciones Disciplinarias.pdf | Entity FilePath: 87654321/6010e3b7-1632-4789-a840-781f0c2a0c79_Certificado_Sin_Sanciones_Disciplinarias_1753052438749.pdf
2025-07-20 20:00:38.761 - 🔍 [20:00:38.760] PRE_PERSIST  | ID: 6010e3b7-1632-4789-a840-781f0c2a0c79 | Version: 0 | Archived: false | Info: FileName: Certificado Sin Sanciones Disciplinarias.pdf, UploadDate: 2025-07-20T20:00:38.747398900 | Caller: DocumentEntity.debugPrePersist:101
2025-07-20 20:00:38.762 - 💾 [REPO] AFTER_JPA_SAVE | ID: 6010e3b7-1632-4789-a840-781f0c2a0c79 | Final Version: 0 | Final File: Certificado Sin Sanciones Disciplinarias.pdf | Final FilePath: 87654321/6010e3b7-1632-4789-a840-781f0c2a0c79_Certificado_Sin_Sanciones_Disciplinarias_1753052438749.pdf
2025-07-20 20:00:38.767 - ✅ [20:00:38.767] POST_PERSIST | ID: 6010e3b7-1632-4789-a840-781f0c2a0c79 | Version: 0 | Archived: false | Info: FileName: Certificado Sin Sanciones Disciplinarias.pdf, PERSISTED
2025-07-20 20:00:38.924 - 💾 [UPLOAD] BEFORE_SAVE_WITH_FILEPATH | ID: c9bdb159-6ead-40b1-9fea-b945cfe48cb4 | FilePath: 87654321/c9bdb159-6ead-40b1-9fea-b945cfe48cb4_Constancia_de_CUIL_1753052438915.pdf
2025-07-20 20:00:38.924 - 💾 [REPO] BEFORE_MAPPING | ID: c9bdb159-6ead-40b1-9fea-b945cfe48cb4 | Domain File: Constancia de CUIL.pdf | FilePath: 87654321/c9bdb159-6ead-40b1-9fea-b945cfe48cb4_Constancia_de_CUIL_1753052438915.pdf | Caller: Unknown
2025-07-20 20:00:38.924 - 💾 [REPO] AFTER_MAPPING  | ID: c9bdb159-6ead-40b1-9fea-b945cfe48cb4 | Entity Version: 0 | Entity File: Constancia de CUIL.pdf | Entity FilePath: 87654321/c9bdb159-6ead-40b1-9fea-b945cfe48cb4_Constancia_de_CUIL_1753052438915.pdf
2025-07-20 20:00:38.926 - 🔍 [20:00:38.926] PRE_PERSIST  | ID: c9bdb159-6ead-40b1-9fea-b945cfe48cb4 | Version: 0 | Archived: false | Info: FileName: Constancia de CUIL.pdf, UploadDate: 2025-07-20T20:00:38.914600800 | Caller: DocumentEntity.debugPrePersist:101
2025-07-20 20:00:38.926 - 💾 [REPO] AFTER_JPA_SAVE | ID: c9bdb159-6ead-40b1-9fea-b945cfe48cb4 | Final Version: 0 | Final File: Constancia de CUIL.pdf | Final FilePath: 87654321/c9bdb159-6ead-40b1-9fea-b945cfe48cb4_Constancia_de_CUIL_1753052438915.pdf
2025-07-20 20:00:38.932 - ✅ [20:00:38.932] POST_PERSIST | ID: c9bdb159-6ead-40b1-9fea-b945cfe48cb4 | Version: 0 | Archived: false | Info: FileName: Constancia de CUIL.pdf, PERSISTED
2025-07-20 20:00:39.135 - 💾 [UPLOAD] BEFORE_SAVE_WITH_FILEPATH | ID: 2c7a8feb-ef1f-443e-8051-40e4f2d94fa1 | FilePath: 87654321/2c7a8feb-ef1f-443e-8051-40e4f2d94fa1_DNI__Dorso__1753052439125.pdf
2025-07-20 20:00:39.136 - 💾 [REPO] BEFORE_MAPPING | ID: 2c7a8feb-ef1f-443e-8051-40e4f2d94fa1 | Domain File: DNI (Dorso).pdf | FilePath: 87654321/2c7a8feb-ef1f-443e-8051-40e4f2d94fa1_DNI__Dorso__1753052439125.pdf | Caller: Unknown
2025-07-20 20:00:39.136 - 💾 [REPO] AFTER_MAPPING  | ID: 2c7a8feb-ef1f-443e-8051-40e4f2d94fa1 | Entity Version: 0 | Entity File: DNI (Dorso).pdf | Entity FilePath: 87654321/2c7a8feb-ef1f-443e-8051-40e4f2d94fa1_DNI__Dorso__1753052439125.pdf
2025-07-20 20:00:39.137 - 🔍 [20:00:39.137] PRE_PERSIST  | ID: 2c7a8feb-ef1f-443e-8051-40e4f2d94fa1 | Version: 0 | Archived: false | Info: FileName: DNI (Dorso).pdf, UploadDate: 2025-07-20T20:00:39.123125200 | Caller: DocumentEntity.debugPrePersist:101
2025-07-20 20:00:39.137 - 💾 [REPO] AFTER_JPA_SAVE | ID: 2c7a8feb-ef1f-443e-8051-40e4f2d94fa1 | Final Version: 0 | Final File: DNI (Dorso).pdf | Final FilePath: 87654321/2c7a8feb-ef1f-443e-8051-40e4f2d94fa1_DNI__Dorso__1753052439125.pdf
2025-07-20 20:00:39.145 - ✅ [20:00:39.145] POST_PERSIST | ID: 2c7a8feb-ef1f-443e-8051-40e4f2d94fa1 | Version: 0 | Archived: false | Info: FileName: DNI (Dorso).pdf, PERSISTED
2025-07-20 20:00:39.354 - 💾 [UPLOAD] BEFORE_SAVE_WITH_FILEPATH | ID: 973f8f86-2166-4a73-bbeb-259918273b72 | FilePath: 87654321/973f8f86-2166-4a73-bbeb-259918273b72_DNI__Frontal__1753052439343.pdf
2025-07-20 20:00:39.355 - 💾 [REPO] BEFORE_MAPPING | ID: 973f8f86-2166-4a73-bbeb-259918273b72 | Domain File: DNI (Frontal).pdf | FilePath: 87654321/973f8f86-2166-4a73-bbeb-259918273b72_DNI__Frontal__1753052439343.pdf | Caller: Unknown
2025-07-20 20:00:39.355 - 💾 [REPO] AFTER_MAPPING  | ID: 973f8f86-2166-4a73-bbeb-259918273b72 | Entity Version: 0 | Entity File: DNI (Frontal).pdf | Entity FilePath: 87654321/973f8f86-2166-4a73-bbeb-259918273b72_DNI__Frontal__1753052439343.pdf
2025-07-20 20:00:39.357 - 🔍 [20:00:39.357] PRE_PERSIST  | ID: 973f8f86-2166-4a73-bbeb-259918273b72 | Version: 0 | Archived: false | Info: FileName: DNI (Frontal).pdf, UploadDate: 2025-07-20T20:00:39.341462200 | Caller: DocumentEntity.debugPrePersist:101
2025-07-20 20:00:39.357 - 💾 [REPO] AFTER_JPA_SAVE | ID: 973f8f86-2166-4a73-bbeb-259918273b72 | Final Version: 0 | Final File: DNI (Frontal).pdf | Final FilePath: 87654321/973f8f86-2166-4a73-bbeb-259918273b72_DNI__Frontal__1753052439343.pdf
2025-07-20 20:00:39.363 - ✅ [20:00:39.363] POST_PERSIST | ID: 973f8f86-2166-4a73-bbeb-259918273b72 | Version: 0 | Archived: false | Info: FileName: DNI (Frontal).pdf, PERSISTED
2025-07-20 21:09:33.507 - 💾 [UPLOAD] BEFORE_SAVE_WITH_FILEPATH | ID: f1878aec-fc9c-45bb-8b1c-5c3d421dec4a | FilePath: 87654321/f1878aec-fc9c-45bb-8b1c-5c3d421dec4a_Certificado_de_Antecedentes_Penales_1753056573494.pdf
2025-07-20 21:09:33.509 - 💾 [REPO] BEFORE_MAPPING | ID: f1878aec-fc9c-45bb-8b1c-5c3d421dec4a | Domain File: Certificado de Antecedentes Penales.pdf | FilePath: 87654321/f1878aec-fc9c-45bb-8b1c-5c3d421dec4a_Certificado_de_Antecedentes_Penales_1753056573494.pdf | Caller: Unknown
2025-07-20 21:09:33.512 - 💾 [REPO] AFTER_MAPPING  | ID: f1878aec-fc9c-45bb-8b1c-5c3d421dec4a | Entity Version: 0 | Entity File: Certificado de Antecedentes Penales.pdf | Entity FilePath: 87654321/f1878aec-fc9c-45bb-8b1c-5c3d421dec4a_Certificado_de_Antecedentes_Penales_1753056573494.pdf
2025-07-20 21:09:33.525 - 🔍 [21:09:33.522] PRE_PERSIST  | ID: f1878aec-fc9c-45bb-8b1c-5c3d421dec4a | Version: 0 | Archived: false | Info: FileName: Certificado de Antecedentes Penales.pdf, UploadDate: 2025-07-20T21:09:33.489585100 | Caller: DocumentEntity.debugPrePersist:101
2025-07-20 21:09:33.526 - 💾 [REPO] AFTER_JPA_SAVE | ID: f1878aec-fc9c-45bb-8b1c-5c3d421dec4a | Final Version: 0 | Final File: Certificado de Antecedentes Penales.pdf | Final FilePath: 87654321/f1878aec-fc9c-45bb-8b1c-5c3d421dec4a_Certificado_de_Antecedentes_Penales_1753056573494.pdf
2025-07-20 21:09:33.562 - ✅ [21:09:33.562] POST_PERSIST | ID: f1878aec-fc9c-45bb-8b1c-5c3d421dec4a | Version: 0 | Archived: false | Info: FileName: Certificado de Antecedentes Penales.pdf, PERSISTED
2025-07-20 21:09:33.675 - 💾 [UPLOAD] BEFORE_SAVE_WITH_FILEPATH | ID: ff123513-0402-4815-8238-a19be91a5033 | FilePath: 87654321/ff123513-0402-4815-8238-a19be91a5033_Certificado_de_Antig_edad_Profesional_1753056573664.pdf
2025-07-20 21:09:33.675 - 💾 [REPO] BEFORE_MAPPING | ID: ff123513-0402-4815-8238-a19be91a5033 | Domain File: Certificado de Antigüedad Profesional.pdf | FilePath: 87654321/ff123513-0402-4815-8238-a19be91a5033_Certificado_de_Antig_edad_Profesional_1753056573664.pdf | Caller: Unknown
2025-07-20 21:09:33.675 - 💾 [REPO] AFTER_MAPPING  | ID: ff123513-0402-4815-8238-a19be91a5033 | Entity Version: 0 | Entity File: Certificado de Antigüedad Profesional.pdf | Entity FilePath: 87654321/ff123513-0402-4815-8238-a19be91a5033_Certificado_de_Antig_edad_Profesional_1753056573664.pdf
2025-07-20 21:09:33.677 - 🔍 [21:09:33.677] PRE_PERSIST  | ID: ff123513-0402-4815-8238-a19be91a5033 | Version: 0 | Archived: false | Info: FileName: Certificado de Antigüedad Profesional.pdf, UploadDate: 2025-07-20T21:09:33.662674300 | Caller: DocumentEntity.debugPrePersist:101
2025-07-20 21:09:33.677 - 💾 [REPO] AFTER_JPA_SAVE | ID: ff123513-0402-4815-8238-a19be91a5033 | Final Version: 0 | Final File: Certificado de Antigüedad Profesional.pdf | Final FilePath: 87654321/ff123513-0402-4815-8238-a19be91a5033_Certificado_de_Antig_edad_Profesional_1753056573664.pdf
2025-07-20 21:09:33.683 - ✅ [21:09:33.683] POST_PERSIST | ID: ff123513-0402-4815-8238-a19be91a5033 | Version: 0 | Archived: false | Info: FileName: Certificado de Antigüedad Profesional.pdf, PERSISTED
2025-07-20 21:09:33.835 - 💾 [UPLOAD] BEFORE_SAVE_WITH_FILEPATH | ID: 86ad2bf9-b1ca-4e8c-a730-faaecf924454 | FilePath: 87654321/86ad2bf9-b1ca-4e8c-a730-faaecf924454_Certificado_Sin_Sanciones_Disciplinarias_1753056573827.pdf
2025-07-20 21:09:33.835 - 💾 [REPO] BEFORE_MAPPING | ID: 86ad2bf9-b1ca-4e8c-a730-faaecf924454 | Domain File: Certificado Sin Sanciones Disciplinarias.pdf | FilePath: 87654321/86ad2bf9-b1ca-4e8c-a730-faaecf924454_Certificado_Sin_Sanciones_Disciplinarias_1753056573827.pdf | Caller: Unknown
2025-07-20 21:09:33.835 - 💾 [REPO] AFTER_MAPPING  | ID: 86ad2bf9-b1ca-4e8c-a730-faaecf924454 | Entity Version: 0 | Entity File: Certificado Sin Sanciones Disciplinarias.pdf | Entity FilePath: 87654321/86ad2bf9-b1ca-4e8c-a730-faaecf924454_Certificado_Sin_Sanciones_Disciplinarias_1753056573827.pdf
2025-07-20 21:09:33.838 - 🔍 [21:09:33.836] PRE_PERSIST  | ID: 86ad2bf9-b1ca-4e8c-a730-faaecf924454 | Version: 0 | Archived: false | Info: FileName: Certificado Sin Sanciones Disciplinarias.pdf, UploadDate: 2025-07-20T21:09:33.825654300 | Caller: DocumentEntity.debugPrePersist:101
2025-07-20 21:09:33.838 - 💾 [REPO] AFTER_JPA_SAVE | ID: 86ad2bf9-b1ca-4e8c-a730-faaecf924454 | Final Version: 0 | Final File: Certificado Sin Sanciones Disciplinarias.pdf | Final FilePath: 87654321/86ad2bf9-b1ca-4e8c-a730-faaecf924454_Certificado_Sin_Sanciones_Disciplinarias_1753056573827.pdf
2025-07-20 21:09:33.847 - ✅ [21:09:33.847] POST_PERSIST | ID: 86ad2bf9-b1ca-4e8c-a730-faaecf924454 | Version: 0 | Archived: false | Info: FileName: Certificado Sin Sanciones Disciplinarias.pdf, PERSISTED
2025-07-20 21:09:34.016 - 💾 [UPLOAD] BEFORE_SAVE_WITH_FILEPATH | ID: 9e1eb96b-efce-437f-9a17-7db3a76a2b82 | FilePath: 87654321/9e1eb96b-efce-437f-9a17-7db3a76a2b82_Constancia_de_CUIL_1753056574009.pdf
2025-07-20 21:09:34.016 - 💾 [REPO] BEFORE_MAPPING | ID: 9e1eb96b-efce-437f-9a17-7db3a76a2b82 | Domain File: Constancia de CUIL.pdf | FilePath: 87654321/9e1eb96b-efce-437f-9a17-7db3a76a2b82_Constancia_de_CUIL_1753056574009.pdf | Caller: Unknown
2025-07-20 21:09:34.016 - 💾 [REPO] AFTER_MAPPING  | ID: 9e1eb96b-efce-437f-9a17-7db3a76a2b82 | Entity Version: 0 | Entity File: Constancia de CUIL.pdf | Entity FilePath: 87654321/9e1eb96b-efce-437f-9a17-7db3a76a2b82_Constancia_de_CUIL_1753056574009.pdf
2025-07-20 21:09:34.018 - 🔍 [21:09:34.018] PRE_PERSIST  | ID: 9e1eb96b-efce-437f-9a17-7db3a76a2b82 | Version: 0 | Archived: false | Info: FileName: Constancia de CUIL.pdf, UploadDate: 2025-07-20T21:09:34.007063900 | Caller: DocumentEntity.debugPrePersist:101
2025-07-20 21:09:34.018 - 💾 [REPO] AFTER_JPA_SAVE | ID: 9e1eb96b-efce-437f-9a17-7db3a76a2b82 | Final Version: 0 | Final File: Constancia de CUIL.pdf | Final FilePath: 87654321/9e1eb96b-efce-437f-9a17-7db3a76a2b82_Constancia_de_CUIL_1753056574009.pdf
2025-07-20 21:09:34.023 - ✅ [21:09:34.023] POST_PERSIST | ID: 9e1eb96b-efce-437f-9a17-7db3a76a2b82 | Version: 0 | Archived: false | Info: FileName: Constancia de CUIL.pdf, PERSISTED
2025-07-20 21:09:34.272 - 💾 [UPLOAD] BEFORE_SAVE_WITH_FILEPATH | ID: 362b4291-2451-449a-a754-e38b6f4b6849 | FilePath: 87654321/362b4291-2451-449a-a754-e38b6f4b6849_DNI__Dorso__1753056574264.pdf
2025-07-20 21:09:34.273 - 💾 [REPO] BEFORE_MAPPING | ID: 362b4291-2451-449a-a754-e38b6f4b6849 | Domain File: DNI (Dorso).pdf | FilePath: 87654321/362b4291-2451-449a-a754-e38b6f4b6849_DNI__Dorso__1753056574264.pdf | Caller: Unknown
2025-07-20 21:09:34.273 - 💾 [REPO] AFTER_MAPPING  | ID: 362b4291-2451-449a-a754-e38b6f4b6849 | Entity Version: 0 | Entity File: DNI (Dorso).pdf | Entity FilePath: 87654321/362b4291-2451-449a-a754-e38b6f4b6849_DNI__Dorso__1753056574264.pdf
2025-07-20 21:09:34.275 - 🔍 [21:09:34.274] PRE_PERSIST  | ID: 362b4291-2451-449a-a754-e38b6f4b6849 | Version: 0 | Archived: false | Info: FileName: DNI (Dorso).pdf, UploadDate: 2025-07-20T21:09:34.262345200 | Caller: DocumentEntity.debugPrePersist:101
2025-07-20 21:09:34.275 - 💾 [REPO] AFTER_JPA_SAVE | ID: 362b4291-2451-449a-a754-e38b6f4b6849 | Final Version: 0 | Final File: DNI (Dorso).pdf | Final FilePath: 87654321/362b4291-2451-449a-a754-e38b6f4b6849_DNI__Dorso__1753056574264.pdf
2025-07-20 21:09:34.281 - ✅ [21:09:34.281] POST_PERSIST | ID: 362b4291-2451-449a-a754-e38b6f4b6849 | Version: 0 | Archived: false | Info: FileName: DNI (Dorso).pdf, PERSISTED
2025-07-20 21:09:34.518 - 💾 [UPLOAD] BEFORE_SAVE_WITH_FILEPATH | ID: e5327dac-14c5-453f-a838-9e50b1489036 | FilePath: 87654321/e5327dac-14c5-453f-a838-9e50b1489036_DNI__Frontal__1753056574505.pdf
2025-07-20 21:09:34.518 - 💾 [REPO] BEFORE_MAPPING | ID: e5327dac-14c5-453f-a838-9e50b1489036 | Domain File: DNI (Frontal).pdf | FilePath: 87654321/e5327dac-14c5-453f-a838-9e50b1489036_DNI__Frontal__1753056574505.pdf | Caller: Unknown
2025-07-20 21:09:34.518 - 💾 [REPO] AFTER_MAPPING  | ID: e5327dac-14c5-453f-a838-9e50b1489036 | Entity Version: 0 | Entity File: DNI (Frontal).pdf | Entity FilePath: 87654321/e5327dac-14c5-453f-a838-9e50b1489036_DNI__Frontal__1753056574505.pdf
2025-07-20 21:09:34.520 - 🔍 [21:09:34.520] PRE_PERSIST  | ID: e5327dac-14c5-453f-a838-9e50b1489036 | Version: 0 | Archived: false | Info: FileName: DNI (Frontal).pdf, UploadDate: 2025-07-20T21:09:34.504345200 | Caller: DocumentEntity.debugPrePersist:101
2025-07-20 21:09:34.520 - 💾 [REPO] AFTER_JPA_SAVE | ID: e5327dac-14c5-453f-a838-9e50b1489036 | Final Version: 0 | Final File: DNI (Frontal).pdf | Final FilePath: 87654321/e5327dac-14c5-453f-a838-9e50b1489036_DNI__Frontal__1753056574505.pdf
2025-07-20 21:09:34.525 - ✅ [21:09:34.525] POST_PERSIST | ID: e5327dac-14c5-453f-a838-9e50b1489036 | Version: 0 | Archived: false | Info: FileName: DNI (Frontal).pdf, PERSISTED
2025-07-22 18:43:14.915 - 💾 [UPLOAD] BEFORE_SAVE_WITH_FILEPATH | ID: 20576e9f-0e97-40c8-bead-63eb0dae5629 | FilePath: 87654321/20576e9f-0e97-40c8-bead-63eb0dae5629_Certificado_de_Antecedentes_Penales_1753220594903.pdf
2025-07-22 18:43:14.918 - 💾 [REPO] BEFORE_MAPPING | ID: 20576e9f-0e97-40c8-bead-63eb0dae5629 | Domain File: Certificado de Antecedentes Penales.pdf | FilePath: 87654321/20576e9f-0e97-40c8-bead-63eb0dae5629_Certificado_de_Antecedentes_Penales_1753220594903.pdf | Caller: Unknown
2025-07-22 18:43:14.921 - 💾 [REPO] AFTER_MAPPING  | ID: 20576e9f-0e97-40c8-bead-63eb0dae5629 | Entity Version: 0 | Entity File: Certificado de Antecedentes Penales.pdf | Entity FilePath: 87654321/20576e9f-0e97-40c8-bead-63eb0dae5629_Certificado_de_Antecedentes_Penales_1753220594903.pdf
2025-07-22 18:43:14.936 - 🔍 [18:43:14.932] PRE_PERSIST  | ID: 20576e9f-0e97-40c8-bead-63eb0dae5629 | Version: 0 | Archived: false | Info: FileName: Certificado de Antecedentes Penales.pdf, UploadDate: 2025-07-22T18:43:14.898173900 | Caller: DocumentEntity.debugPrePersist:101
2025-07-22 18:43:14.936 - 💾 [REPO] AFTER_JPA_SAVE | ID: 20576e9f-0e97-40c8-bead-63eb0dae5629 | Final Version: 0 | Final File: Certificado de Antecedentes Penales.pdf | Final FilePath: 87654321/20576e9f-0e97-40c8-bead-63eb0dae5629_Certificado_de_Antecedentes_Penales_1753220594903.pdf
2025-07-22 18:43:14.973 - ✅ [18:43:14.973] POST_PERSIST | ID: 20576e9f-0e97-40c8-bead-63eb0dae5629 | Version: 0 | Archived: false | Info: FileName: Certificado de Antecedentes Penales.pdf, PERSISTED
2025-07-22 18:43:15.068 - 💾 [UPLOAD] BEFORE_SAVE_WITH_FILEPATH | ID: 528b2974-c97c-41b7-b55e-e98e8f6a2cdf | FilePath: 87654321/528b2974-c97c-41b7-b55e-e98e8f6a2cdf_Certificado_de_Antig_edad_Profesional_1753220595053.pdf
2025-07-22 18:43:15.070 - 💾 [REPO] BEFORE_MAPPING | ID: 528b2974-c97c-41b7-b55e-e98e8f6a2cdf | Domain File: Certificado de Antigüedad Profesional.pdf | FilePath: 87654321/528b2974-c97c-41b7-b55e-e98e8f6a2cdf_Certificado_de_Antig_edad_Profesional_1753220595053.pdf | Caller: Unknown
2025-07-22 18:43:15.070 - 💾 [REPO] AFTER_MAPPING  | ID: 528b2974-c97c-41b7-b55e-e98e8f6a2cdf | Entity Version: 0 | Entity File: Certificado de Antigüedad Profesional.pdf | Entity FilePath: 87654321/528b2974-c97c-41b7-b55e-e98e8f6a2cdf_Certificado_de_Antig_edad_Profesional_1753220595053.pdf
2025-07-22 18:43:15.073 - 🔍 [18:43:15.073] PRE_PERSIST  | ID: 528b2974-c97c-41b7-b55e-e98e8f6a2cdf | Version: 0 | Archived: false | Info: FileName: Certificado de Antigüedad Profesional.pdf, UploadDate: 2025-07-22T18:43:15.051932100 | Caller: DocumentEntity.debugPrePersist:101
2025-07-22 18:43:15.074 - 💾 [REPO] AFTER_JPA_SAVE | ID: 528b2974-c97c-41b7-b55e-e98e8f6a2cdf | Final Version: 0 | Final File: Certificado de Antigüedad Profesional.pdf | Final FilePath: 87654321/528b2974-c97c-41b7-b55e-e98e8f6a2cdf_Certificado_de_Antig_edad_Profesional_1753220595053.pdf
2025-07-22 18:43:15.079 - ✅ [18:43:15.079] POST_PERSIST | ID: 528b2974-c97c-41b7-b55e-e98e8f6a2cdf | Version: 0 | Archived: false | Info: FileName: Certificado de Antigüedad Profesional.pdf, PERSISTED
2025-07-22 18:43:15.130 - 💾 [UPLOAD] BEFORE_SAVE_WITH_FILEPATH | ID: 027e1844-d8f2-479c-9098-b138b46d1099 | FilePath: 87654321/027e1844-d8f2-479c-9098-b138b46d1099_Certificado_Sin_Sanciones_Disciplinarias_1753220595119.pdf
2025-07-22 18:43:15.130 - 💾 [REPO] BEFORE_MAPPING | ID: 027e1844-d8f2-479c-9098-b138b46d1099 | Domain File: Certificado Sin Sanciones Disciplinarias.pdf | FilePath: 87654321/027e1844-d8f2-479c-9098-b138b46d1099_Certificado_Sin_Sanciones_Disciplinarias_1753220595119.pdf | Caller: Unknown
2025-07-22 18:43:15.130 - 💾 [REPO] AFTER_MAPPING  | ID: 027e1844-d8f2-479c-9098-b138b46d1099 | Entity Version: 0 | Entity File: Certificado Sin Sanciones Disciplinarias.pdf | Entity FilePath: 87654321/027e1844-d8f2-479c-9098-b138b46d1099_Certificado_Sin_Sanciones_Disciplinarias_1753220595119.pdf
2025-07-22 18:43:15.133 - 🔍 [18:43:15.133] PRE_PERSIST  | ID: 027e1844-d8f2-479c-9098-b138b46d1099 | Version: 0 | Archived: false | Info: FileName: Certificado Sin Sanciones Disciplinarias.pdf, UploadDate: 2025-07-22T18:43:15.117686100 | Caller: DocumentEntity.debugPrePersist:101
2025-07-22 18:43:15.134 - 💾 [REPO] AFTER_JPA_SAVE | ID: 027e1844-d8f2-479c-9098-b138b46d1099 | Final Version: 0 | Final File: Certificado Sin Sanciones Disciplinarias.pdf | Final FilePath: 87654321/027e1844-d8f2-479c-9098-b138b46d1099_Certificado_Sin_Sanciones_Disciplinarias_1753220595119.pdf
2025-07-22 18:43:15.144 - ✅ [18:43:15.144] POST_PERSIST | ID: 027e1844-d8f2-479c-9098-b138b46d1099 | Version: 0 | Archived: false | Info: FileName: Certificado Sin Sanciones Disciplinarias.pdf, PERSISTED
2025-07-22 18:43:15.189 - 💾 [UPLOAD] BEFORE_SAVE_WITH_FILEPATH | ID: ebc80461-3714-40a0-a562-ed64d2289ee3 | FilePath: 87654321/ebc80461-3714-40a0-a562-ed64d2289ee3_Constancia_de_CUIL_1753220595177.pdf
2025-07-22 18:43:15.191 - 💾 [REPO] BEFORE_MAPPING | ID: ebc80461-3714-40a0-a562-ed64d2289ee3 | Domain File: Constancia de CUIL.pdf | FilePath: 87654321/ebc80461-3714-40a0-a562-ed64d2289ee3_Constancia_de_CUIL_1753220595177.pdf | Caller: Unknown
2025-07-22 18:43:15.191 - 💾 [REPO] AFTER_MAPPING  | ID: ebc80461-3714-40a0-a562-ed64d2289ee3 | Entity Version: 0 | Entity File: Constancia de CUIL.pdf | Entity FilePath: 87654321/ebc80461-3714-40a0-a562-ed64d2289ee3_Constancia_de_CUIL_1753220595177.pdf
2025-07-22 18:43:15.195 - 🔍 [18:43:15.194] PRE_PERSIST  | ID: ebc80461-3714-40a0-a562-ed64d2289ee3 | Version: 0 | Archived: false | Info: FileName: Constancia de CUIL.pdf, UploadDate: 2025-07-22T18:43:15.175083800 | Caller: DocumentEntity.debugPrePersist:101
2025-07-22 18:43:15.195 - 💾 [REPO] AFTER_JPA_SAVE | ID: ebc80461-3714-40a0-a562-ed64d2289ee3 | Final Version: 0 | Final File: Constancia de CUIL.pdf | Final FilePath: 87654321/ebc80461-3714-40a0-a562-ed64d2289ee3_Constancia_de_CUIL_1753220595177.pdf
2025-07-22 18:43:15.206 - ✅ [18:43:15.206] POST_PERSIST | ID: ebc80461-3714-40a0-a562-ed64d2289ee3 | Version: 0 | Archived: false | Info: FileName: Constancia de CUIL.pdf, PERSISTED
2025-07-22 18:43:15.261 - 💾 [UPLOAD] BEFORE_SAVE_WITH_FILEPATH | ID: 14c47513-14af-47c1-b541-a0e92bdb01e4 | FilePath: 87654321/14c47513-14af-47c1-b541-a0e92bdb01e4_DNI__Dorso__1753220595245.pdf
2025-07-22 18:43:15.262 - 💾 [REPO] BEFORE_MAPPING | ID: 14c47513-14af-47c1-b541-a0e92bdb01e4 | Domain File: DNI (Dorso).pdf | FilePath: 87654321/14c47513-14af-47c1-b541-a0e92bdb01e4_DNI__Dorso__1753220595245.pdf | Caller: Unknown
2025-07-22 18:43:15.262 - 💾 [REPO] AFTER_MAPPING  | ID: 14c47513-14af-47c1-b541-a0e92bdb01e4 | Entity Version: 0 | Entity File: DNI (Dorso).pdf | Entity FilePath: 87654321/14c47513-14af-47c1-b541-a0e92bdb01e4_DNI__Dorso__1753220595245.pdf
2025-07-22 18:43:15.267 - 🔍 [18:43:15.266] PRE_PERSIST  | ID: 14c47513-14af-47c1-b541-a0e92bdb01e4 | Version: 0 | Archived: false | Info: FileName: DNI (Dorso).pdf, UploadDate: 2025-07-22T18:43:15.243203300 | Caller: DocumentEntity.debugPrePersist:101
2025-07-22 18:43:15.267 - 💾 [REPO] AFTER_JPA_SAVE | ID: 14c47513-14af-47c1-b541-a0e92bdb01e4 | Final Version: 0 | Final File: DNI (Dorso).pdf | Final FilePath: 87654321/14c47513-14af-47c1-b541-a0e92bdb01e4_DNI__Dorso__1753220595245.pdf
2025-07-22 18:43:15.273 - ✅ [18:43:15.273] POST_PERSIST | ID: 14c47513-14af-47c1-b541-a0e92bdb01e4 | Version: 0 | Archived: false | Info: FileName: DNI (Dorso).pdf, PERSISTED
2025-07-22 18:43:15.309 - 💾 [UPLOAD] BEFORE_SAVE_WITH_FILEPATH | ID: 00feefe4-560b-453a-86f4-6a037aca0b89 | FilePath: 87654321/00feefe4-560b-453a-86f4-6a037aca0b89_DNI__Frontal__1753220595301.pdf
2025-07-22 18:43:15.309 - 💾 [REPO] BEFORE_MAPPING | ID: 00feefe4-560b-453a-86f4-6a037aca0b89 | Domain File: DNI (Frontal).pdf | FilePath: 87654321/00feefe4-560b-453a-86f4-6a037aca0b89_DNI__Frontal__1753220595301.pdf | Caller: Unknown
2025-07-22 18:43:15.309 - 💾 [REPO] AFTER_MAPPING  | ID: 00feefe4-560b-453a-86f4-6a037aca0b89 | Entity Version: 0 | Entity File: DNI (Frontal).pdf | Entity FilePath: 87654321/00feefe4-560b-453a-86f4-6a037aca0b89_DNI__Frontal__1753220595301.pdf
2025-07-22 18:43:15.313 - 🔍 [18:43:15.312] PRE_PERSIST  | ID: 00feefe4-560b-453a-86f4-6a037aca0b89 | Version: 0 | Archived: false | Info: FileName: DNI (Frontal).pdf, UploadDate: 2025-07-22T18:43:15.300432800 | Caller: DocumentEntity.debugPrePersist:101
2025-07-22 18:43:15.313 - 💾 [REPO] AFTER_JPA_SAVE | ID: 00feefe4-560b-453a-86f4-6a037aca0b89 | Final Version: 0 | Final File: DNI (Frontal).pdf | Final FilePath: 87654321/00feefe4-560b-453a-86f4-6a037aca0b89_DNI__Frontal__1753220595301.pdf
2025-07-22 18:43:15.325 - ✅ [18:43:15.325] POST_PERSIST | ID: 00feefe4-560b-453a-86f4-6a037aca0b89 | Version: 0 | Archived: false | Info: FileName: DNI (Frontal).pdf, PERSISTED
2025-07-23 19:43:32.707 - 💾 [UPLOAD] BEFORE_SAVE_WITH_FILEPATH | ID: e4a6041d-f55a-490d-ad2d-8a325d1c9ef1 | FilePath: 87654321/e4a6041d-f55a-490d-ad2d-8a325d1c9ef1_Certificado_de_Antecedentes_Penales_1753310612685.pdf
2025-07-23 19:43:32.709 - 💾 [REPO] BEFORE_MAPPING | ID: e4a6041d-f55a-490d-ad2d-8a325d1c9ef1 | Domain File: Certificado de Antecedentes Penales.pdf | FilePath: 87654321/e4a6041d-f55a-490d-ad2d-8a325d1c9ef1_Certificado_de_Antecedentes_Penales_1753310612685.pdf | Caller: Unknown
2025-07-23 19:43:32.709 - 💾 [REPO] AFTER_MAPPING  | ID: e4a6041d-f55a-490d-ad2d-8a325d1c9ef1 | Entity Version: 0 | Entity File: Certificado de Antecedentes Penales.pdf | Entity FilePath: 87654321/e4a6041d-f55a-490d-ad2d-8a325d1c9ef1_Certificado_de_Antecedentes_Penales_1753310612685.pdf
2025-07-23 19:43:32.735 - 🔍 [19:43:32.731] PRE_PERSIST  | ID: e4a6041d-f55a-490d-ad2d-8a325d1c9ef1 | Version: 0 | Archived: false | Info: FileName: Certificado de Antecedentes Penales.pdf, UploadDate: 2025-07-23T19:43:32.679393100 | Caller: DocumentEntity.debugPrePersist:101
2025-07-23 19:43:32.737 - 💾 [REPO] AFTER_JPA_SAVE | ID: e4a6041d-f55a-490d-ad2d-8a325d1c9ef1 | Final Version: 0 | Final File: Certificado de Antecedentes Penales.pdf | Final FilePath: 87654321/e4a6041d-f55a-490d-ad2d-8a325d1c9ef1_Certificado_de_Antecedentes_Penales_1753310612685.pdf
2025-07-23 19:43:32.789 - ✅ [19:43:32.789] POST_PERSIST | ID: e4a6041d-f55a-490d-ad2d-8a325d1c9ef1 | Version: 0 | Archived: false | Info: FileName: Certificado de Antecedentes Penales.pdf, PERSISTED
2025-07-26 08:56:56.521 - 💾 [UPLOAD] BEFORE_SAVE_WITH_FILEPATH | ID: f2fd5f6f-a3a4-485d-bb5e-07bf6de8d581 | FilePath: 87654321/f2fd5f6f-a3a4-485d-bb5e-07bf6de8d581_Certificado_de_Antecedentes_Penales_1753531016505.pdf
2025-07-26 08:56:56.523 - 💾 [REPO] BEFORE_MAPPING | ID: f2fd5f6f-a3a4-485d-bb5e-07bf6de8d581 | Domain File: Certificado de Antecedentes Penales.pdf | FilePath: 87654321/f2fd5f6f-a3a4-485d-bb5e-07bf6de8d581_Certificado_de_Antecedentes_Penales_1753531016505.pdf | Caller: Unknown
2025-07-26 08:56:56.523 - 💾 [REPO] AFTER_MAPPING  | ID: f2fd5f6f-a3a4-485d-bb5e-07bf6de8d581 | Entity Version: 0 | Entity File: Certificado de Antecedentes Penales.pdf | Entity FilePath: 87654321/f2fd5f6f-a3a4-485d-bb5e-07bf6de8d581_Certificado_de_Antecedentes_Penales_1753531016505.pdf
2025-07-26 08:56:56.545 - 🔍 [08:56:56.540] PRE_PERSIST  | ID: f2fd5f6f-a3a4-485d-bb5e-07bf6de8d581 | Version: 0 | Archived: false | Info: FileName: Certificado de Antecedentes Penales.pdf, UploadDate: 2025-07-26T08:56:56.498708200 | Caller: DocumentEntity.debugPrePersist:101
2025-07-26 08:56:56.553 - 💾 [REPO] AFTER_JPA_SAVE | ID: f2fd5f6f-a3a4-485d-bb5e-07bf6de8d581 | Final Version: 0 | Final File: Certificado de Antecedentes Penales.pdf | Final FilePath: 87654321/f2fd5f6f-a3a4-485d-bb5e-07bf6de8d581_Certificado_de_Antecedentes_Penales_1753531016505.pdf
2025-07-26 08:56:56.606 - ✅ [08:56:56.606] POST_PERSIST | ID: f2fd5f6f-a3a4-485d-bb5e-07bf6de8d581 | Version: 0 | Archived: false | Info: FileName: Certificado de Antecedentes Penales.pdf, PERSISTED
2025-07-26 08:59:16.779 - 💾 [UPLOAD] BEFORE_SAVE_WITH_FILEPATH | ID: 807b66c8-4c0b-4867-b8cd-62af8b8785be | FilePath: 87654321/807b66c8-4c0b-4867-b8cd-62af8b8785be_Certificado_de_Antecedentes_Penales_1753531156774.pdf
2025-07-26 08:59:16.779 - 💾 [REPO] BEFORE_MAPPING | ID: 807b66c8-4c0b-4867-b8cd-62af8b8785be | Domain File: Certificado de Antecedentes Penales.pdf | FilePath: 87654321/807b66c8-4c0b-4867-b8cd-62af8b8785be_Certificado_de_Antecedentes_Penales_1753531156774.pdf | Caller: Unknown
2025-07-26 08:59:16.779 - 💾 [REPO] AFTER_MAPPING  | ID: 807b66c8-4c0b-4867-b8cd-62af8b8785be | Entity Version: 0 | Entity File: Certificado de Antecedentes Penales.pdf | Entity FilePath: 87654321/807b66c8-4c0b-4867-b8cd-62af8b8785be_Certificado_de_Antecedentes_Penales_1753531156774.pdf
2025-07-26 08:59:16.782 - 🔍 [08:59:16.781] PRE_PERSIST  | ID: 807b66c8-4c0b-4867-b8cd-62af8b8785be | Version: 0 | Archived: false | Info: FileName: Certificado de Antecedentes Penales.pdf, UploadDate: 2025-07-26T08:59:16.772606400 | Caller: DocumentEntity.debugPrePersist:101
2025-07-26 08:59:16.782 - 💾 [REPO] AFTER_JPA_SAVE | ID: 807b66c8-4c0b-4867-b8cd-62af8b8785be | Final Version: 0 | Final File: Certificado de Antecedentes Penales.pdf | Final FilePath: 87654321/807b66c8-4c0b-4867-b8cd-62af8b8785be_Certificado_de_Antecedentes_Penales_1753531156774.pdf
2025-07-26 08:59:16.835 - ✅ [08:59:16.835] POST_PERSIST | ID: 807b66c8-4c0b-4867-b8cd-62af8b8785be | Version: 0 | Archived: false | Info: FileName: Certificado de Antecedentes Penales.pdf, PERSISTED
2025-07-26 09:26:09.120 - 💾 [UPLOAD] BEFORE_SAVE_WITH_FILEPATH | ID: 5f9951b9-0364-43a7-b264-02ed5d6d87ce | FilePath: 87654321/5f9951b9-0364-43a7-b264-02ed5d6d87ce_Certificado_de_Antig_edad_Profesional_1753532769115.pdf
2025-07-26 09:26:09.121 - 💾 [REPO] BEFORE_MAPPING | ID: 5f9951b9-0364-43a7-b264-02ed5d6d87ce | Domain File: Certificado de Antigüedad Profesional.pdf | FilePath: 87654321/5f9951b9-0364-43a7-b264-02ed5d6d87ce_Certificado_de_Antig_edad_Profesional_1753532769115.pdf | Caller: Unknown
2025-07-26 09:26:09.121 - 💾 [REPO] AFTER_MAPPING  | ID: 5f9951b9-0364-43a7-b264-02ed5d6d87ce | Entity Version: 0 | Entity File: Certificado de Antigüedad Profesional.pdf | Entity FilePath: 87654321/5f9951b9-0364-43a7-b264-02ed5d6d87ce_Certificado_de_Antig_edad_Profesional_1753532769115.pdf
2025-07-26 09:26:09.138 - 🔍 [09:26:09.135] PRE_PERSIST  | ID: 5f9951b9-0364-43a7-b264-02ed5d6d87ce | Version: 0 | Archived: false | Info: FileName: Certificado de Antigüedad Profesional.pdf, UploadDate: 2025-07-26T09:26:09.109917 | Caller: DocumentEntity.debugPrePersist:101
2025-07-26 09:26:09.138 - 💾 [REPO] AFTER_JPA_SAVE | ID: 5f9951b9-0364-43a7-b264-02ed5d6d87ce | Final Version: 0 | Final File: Certificado de Antigüedad Profesional.pdf | Final FilePath: 87654321/5f9951b9-0364-43a7-b264-02ed5d6d87ce_Certificado_de_Antig_edad_Profesional_1753532769115.pdf
2025-07-26 09:26:09.200 - ✅ [09:26:09.200] POST_PERSIST | ID: 5f9951b9-0364-43a7-b264-02ed5d6d87ce | Version: 0 | Archived: false | Info: FileName: Certificado de Antigüedad Profesional.pdf, PERSISTED
2025-07-26 09:26:31.766 - 💾 [UPLOAD] BEFORE_SAVE_WITH_FILEPATH | ID: 54905a78-967d-4614-8ec9-e4397d9f908e | FilePath: 87654321/54905a78-967d-4614-8ec9-e4397d9f908e_Certificado_Sin_Sanciones_Disciplinarias_1753532791762.pdf
2025-07-26 09:26:31.767 - 💾 [REPO] BEFORE_MAPPING | ID: 54905a78-967d-4614-8ec9-e4397d9f908e | Domain File: Certificado Sin Sanciones Disciplinarias.pdf | FilePath: 87654321/54905a78-967d-4614-8ec9-e4397d9f908e_Certificado_Sin_Sanciones_Disciplinarias_1753532791762.pdf | Caller: Unknown
2025-07-26 09:26:31.767 - 💾 [REPO] AFTER_MAPPING  | ID: 54905a78-967d-4614-8ec9-e4397d9f908e | Entity Version: 0 | Entity File: Certificado Sin Sanciones Disciplinarias.pdf | Entity FilePath: 87654321/54905a78-967d-4614-8ec9-e4397d9f908e_Certificado_Sin_Sanciones_Disciplinarias_1753532791762.pdf
2025-07-26 09:26:31.769 - 🔍 [09:26:31.769] PRE_PERSIST  | ID: 54905a78-967d-4614-8ec9-e4397d9f908e | Version: 0 | Archived: false | Info: FileName: Certificado Sin Sanciones Disciplinarias.pdf, UploadDate: 2025-07-26T09:26:31.759837400 | Caller: DocumentEntity.debugPrePersist:101
2025-07-26 09:26:31.770 - 💾 [REPO] AFTER_JPA_SAVE | ID: 54905a78-967d-4614-8ec9-e4397d9f908e | Final Version: 0 | Final File: Certificado Sin Sanciones Disciplinarias.pdf | Final FilePath: 87654321/54905a78-967d-4614-8ec9-e4397d9f908e_Certificado_Sin_Sanciones_Disciplinarias_1753532791762.pdf
2025-07-26 09:26:31.789 - ✅ [09:26:31.789] POST_PERSIST | ID: 54905a78-967d-4614-8ec9-e4397d9f908e | Version: 0 | Archived: false | Info: FileName: Certificado Sin Sanciones Disciplinarias.pdf, PERSISTED
2025-07-26 09:38:17.860 - 💾 [UPLOAD] BEFORE_SAVE_WITH_FILEPATH | ID: f0484e8e-8001-4a7b-8863-8c9eb13ecb39 | FilePath: 87654321/f0484e8e-8001-4a7b-8863-8c9eb13ecb39_DNI__Dorso__1753533497849.pdf
2025-07-26 09:38:17.863 - 💾 [REPO] BEFORE_MAPPING | ID: f0484e8e-8001-4a7b-8863-8c9eb13ecb39 | Domain File: DNI (Dorso).pdf | FilePath: 87654321/f0484e8e-8001-4a7b-8863-8c9eb13ecb39_DNI__Dorso__1753533497849.pdf | Caller: Unknown
2025-07-26 09:38:17.864 - 💾 [REPO] AFTER_MAPPING  | ID: f0484e8e-8001-4a7b-8863-8c9eb13ecb39 | Entity Version: 0 | Entity File: DNI (Dorso).pdf | Entity FilePath: 87654321/f0484e8e-8001-4a7b-8863-8c9eb13ecb39_DNI__Dorso__1753533497849.pdf
2025-07-26 09:38:17.877 - 🔍 [09:38:17.874] PRE_PERSIST  | ID: f0484e8e-8001-4a7b-8863-8c9eb13ecb39 | Version: 0 | Archived: false | Info: FileName: DNI (Dorso).pdf, UploadDate: 2025-07-26T09:38:17.843244100 | Caller: DocumentEntity.debugPrePersist:101
2025-07-26 09:38:17.883 - 💾 [REPO] AFTER_JPA_SAVE | ID: f0484e8e-8001-4a7b-8863-8c9eb13ecb39 | Final Version: 0 | Final File: DNI (Dorso).pdf | Final FilePath: 87654321/f0484e8e-8001-4a7b-8863-8c9eb13ecb39_DNI__Dorso__1753533497849.pdf
2025-07-26 09:38:17.991 - ✅ [09:38:17.991] POST_PERSIST | ID: f0484e8e-8001-4a7b-8863-8c9eb13ecb39 | Version: 0 | Archived: false | Info: FileName: DNI (Dorso).pdf, PERSISTED
2025-07-26 09:39:38.308 - 💾 [UPLOAD] BEFORE_SAVE_WITH_FILEPATH | ID: 72c1c84b-6922-4fdf-9502-6321dcd4a020 | FilePath: 87654321/72c1c84b-6922-4fdf-9502-6321dcd4a020_DNI__Dorso__1753533578303.pdf
2025-07-26 09:39:38.309 - 💾 [REPO] BEFORE_MAPPING | ID: 72c1c84b-6922-4fdf-9502-6321dcd4a020 | Domain File: DNI (Dorso).pdf | FilePath: 87654321/72c1c84b-6922-4fdf-9502-6321dcd4a020_DNI__Dorso__1753533578303.pdf | Caller: Unknown
2025-07-26 09:39:38.309 - 💾 [REPO] AFTER_MAPPING  | ID: 72c1c84b-6922-4fdf-9502-6321dcd4a020 | Entity Version: 0 | Entity File: DNI (Dorso).pdf | Entity FilePath: 87654321/72c1c84b-6922-4fdf-9502-6321dcd4a020_DNI__Dorso__1753533578303.pdf
2025-07-26 09:39:38.312 - 🔍 [09:39:38.311] PRE_PERSIST  | ID: 72c1c84b-6922-4fdf-9502-6321dcd4a020 | Version: 0 | Archived: false | Info: FileName: DNI (Dorso).pdf, UploadDate: 2025-07-26T09:39:38.301800500 | Caller: DocumentEntity.debugPrePersist:101
2025-07-26 09:39:38.312 - 💾 [REPO] AFTER_JPA_SAVE | ID: 72c1c84b-6922-4fdf-9502-6321dcd4a020 | Final Version: 0 | Final File: DNI (Dorso).pdf | Final FilePath: 87654321/72c1c84b-6922-4fdf-9502-6321dcd4a020_DNI__Dorso__1753533578303.pdf
2025-07-26 09:39:38.321 - ✅ [09:39:38.321] POST_PERSIST | ID: 72c1c84b-6922-4fdf-9502-6321dcd4a020 | Version: 0 | Archived: false | Info: FileName: DNI (Dorso).pdf, PERSISTED
2025-07-26 17:51:33.594 - 💾 [UPLOAD] BEFORE_SAVE_WITH_FILEPATH | ID: 3a4bc0b9-07db-4342-a0ee-55f16545524b | FilePath: 87654321/3a4bc0b9-07db-4342-a0ee-55f16545524b_Constancia_de_CUIL_1753563093587.pdf
2025-07-26 17:51:33.595 - 💾 [REPO] BEFORE_MAPPING | ID: 3a4bc0b9-07db-4342-a0ee-55f16545524b | Domain File: Constancia de CUIL.pdf | FilePath: 87654321/3a4bc0b9-07db-4342-a0ee-55f16545524b_Constancia_de_CUIL_1753563093587.pdf | Caller: Unknown
2025-07-26 17:51:33.595 - 💾 [REPO] AFTER_MAPPING  | ID: 3a4bc0b9-07db-4342-a0ee-55f16545524b | Entity Version: 0 | Entity File: Constancia de CUIL.pdf | Entity FilePath: 87654321/3a4bc0b9-07db-4342-a0ee-55f16545524b_Constancia_de_CUIL_1753563093587.pdf
2025-07-26 17:51:33.616 - 🔍 [17:51:33.606] PRE_PERSIST  | ID: 3a4bc0b9-07db-4342-a0ee-55f16545524b | Version: 0 | Archived: false | Info: FileName: Constancia de CUIL.pdf, UploadDate: 2025-07-26T17:51:33.581454900 | Caller: DocumentEntity.debugPrePersist:101
2025-07-26 17:51:33.622 - 💾 [REPO] AFTER_JPA_SAVE | ID: 3a4bc0b9-07db-4342-a0ee-55f16545524b | Final Version: 0 | Final File: Constancia de CUIL.pdf | Final FilePath: 87654321/3a4bc0b9-07db-4342-a0ee-55f16545524b_Constancia_de_CUIL_1753563093587.pdf
2025-07-26 17:51:33.670 - ✅ [17:51:33.670] POST_PERSIST | ID: 3a4bc0b9-07db-4342-a0ee-55f16545524b | Version: 0 | Archived: false | Info: FileName: Constancia de CUIL.pdf, PERSISTED
2025-07-26 17:52:26.247 - 💾 [UPLOAD] BEFORE_SAVE_WITH_FILEPATH | ID: 05766b47-27b0-4a91-a928-c732f7051648 | FilePath: 87654321/05766b47-27b0-4a91-a928-c732f7051648_DNI__Frontal__1753563146242.pdf
2025-07-26 17:52:26.247 - 💾 [REPO] BEFORE_MAPPING | ID: 05766b47-27b0-4a91-a928-c732f7051648 | Domain File: DNI (Frontal).pdf | FilePath: 87654321/05766b47-27b0-4a91-a928-c732f7051648_DNI__Frontal__1753563146242.pdf | Caller: Unknown
2025-07-26 17:52:26.247 - 💾 [REPO] AFTER_MAPPING  | ID: 05766b47-27b0-4a91-a928-c732f7051648 | Entity Version: 0 | Entity File: DNI (Frontal).pdf | Entity FilePath: 87654321/05766b47-27b0-4a91-a928-c732f7051648_DNI__Frontal__1753563146242.pdf
2025-07-26 17:52:26.250 - 🔍 [17:52:26.250] PRE_PERSIST  | ID: 05766b47-27b0-4a91-a928-c732f7051648 | Version: 0 | Archived: false | Info: FileName: DNI (Frontal).pdf, UploadDate: 2025-07-26T17:52:26.240650500 | Caller: DocumentEntity.debugPrePersist:101
2025-07-26 17:52:26.251 - 💾 [REPO] AFTER_JPA_SAVE | ID: 05766b47-27b0-4a91-a928-c732f7051648 | Final Version: 0 | Final File: DNI (Frontal).pdf | Final FilePath: 87654321/05766b47-27b0-4a91-a928-c732f7051648_DNI__Frontal__1753563146242.pdf
2025-07-26 17:52:26.263 - ✅ [17:52:26.263] POST_PERSIST | ID: 05766b47-27b0-4a91-a928-c732f7051648 | Version: 0 | Archived: false | Info: FileName: DNI (Frontal).pdf, PERSISTED
2025-07-26 17:53:21.379 - 💾 [UPLOAD] BEFORE_SAVE_WITH_FILEPATH | ID: 3785b4b7-0f05-48a0-90ee-aadc1e61cf60 | FilePath: 87654321/3785b4b7-0f05-48a0-90ee-aadc1e61cf60_Certificado_de_Antig_edad_Profesional_1753563201375.pdf
2025-07-26 17:53:21.379 - 💾 [UPLOAD] BEFORE_SAVE_WITH_FILEPATH | ID: 176b5762-49b2-49e8-9677-934837f2371c | FilePath: 87654321/176b5762-49b2-49e8-9677-934837f2371c_Certificado_Sin_Sanciones_Disciplinarias_1753563201374.pdf
2025-07-26 17:53:21.380 - 💾 [REPO] BEFORE_MAPPING | ID: 3785b4b7-0f05-48a0-90ee-aadc1e61cf60 | Domain File: Certificado de Antigüedad Profesional.pdf | FilePath: 87654321/3785b4b7-0f05-48a0-90ee-aadc1e61cf60_Certificado_de_Antig_edad_Profesional_1753563201375.pdf | Caller: Unknown
2025-07-26 17:53:21.380 - 💾 [REPO] AFTER_MAPPING  | ID: 3785b4b7-0f05-48a0-90ee-aadc1e61cf60 | Entity Version: 0 | Entity File: Certificado de Antigüedad Profesional.pdf | Entity FilePath: 87654321/3785b4b7-0f05-48a0-90ee-aadc1e61cf60_Certificado_de_Antig_edad_Profesional_1753563201375.pdf
2025-07-26 17:53:21.381 - 💾 [REPO] BEFORE_MAPPING | ID: 176b5762-49b2-49e8-9677-934837f2371c | Domain File: Certificado Sin Sanciones Disciplinarias.pdf | FilePath: 87654321/176b5762-49b2-49e8-9677-934837f2371c_Certificado_Sin_Sanciones_Disciplinarias_1753563201374.pdf | Caller: Unknown
2025-07-26 17:53:21.381 - 💾 [REPO] AFTER_MAPPING  | ID: 176b5762-49b2-49e8-9677-934837f2371c | Entity Version: 0 | Entity File: Certificado Sin Sanciones Disciplinarias.pdf | Entity FilePath: 87654321/176b5762-49b2-49e8-9677-934837f2371c_Certificado_Sin_Sanciones_Disciplinarias_1753563201374.pdf
2025-07-26 17:53:21.382 - 🔍 [17:53:21.382] PRE_PERSIST  | ID: 3785b4b7-0f05-48a0-90ee-aadc1e61cf60 | Version: 0 | Archived: false | Info: FileName: Certificado de Antigüedad Profesional.pdf, UploadDate: 2025-07-26T17:53:21.373022200 | Caller: DocumentEntity.debugPrePersist:101
2025-07-26 17:53:21.383 - 🔍 [17:53:21.382] PRE_PERSIST  | ID: 176b5762-49b2-49e8-9677-934837f2371c | Version: 0 | Archived: false | Info: FileName: Certificado Sin Sanciones Disciplinarias.pdf, UploadDate: 2025-07-26T17:53:21.371025500 | Caller: DocumentEntity.debugPrePersist:101
2025-07-26 17:53:21.383 - 💾 [REPO] AFTER_JPA_SAVE | ID: 3785b4b7-0f05-48a0-90ee-aadc1e61cf60 | Final Version: 0 | Final File: Certificado de Antigüedad Profesional.pdf | Final FilePath: 87654321/3785b4b7-0f05-48a0-90ee-aadc1e61cf60_Certificado_de_Antig_edad_Profesional_1753563201375.pdf
2025-07-26 17:53:21.384 - 💾 [REPO] AFTER_JPA_SAVE | ID: 176b5762-49b2-49e8-9677-934837f2371c | Final Version: 0 | Final File: Certificado Sin Sanciones Disciplinarias.pdf | Final FilePath: 87654321/176b5762-49b2-49e8-9677-934837f2371c_Certificado_Sin_Sanciones_Disciplinarias_1753563201374.pdf
2025-07-26 17:53:21.396 - ✅ [17:53:21.396] POST_PERSIST | ID: 3785b4b7-0f05-48a0-90ee-aadc1e61cf60 | Version: 0 | Archived: false | Info: FileName: Certificado de Antigüedad Profesional.pdf, PERSISTED
2025-07-26 17:53:21.404 - ✅ [17:53:21.404] POST_PERSIST | ID: 176b5762-49b2-49e8-9677-934837f2371c | Version: 0 | Archived: false | Info: FileName: Certificado Sin Sanciones Disciplinarias.pdf, PERSISTED
2025-07-26 17:53:21.422 - 💾 [UPLOAD] BEFORE_SAVE_WITH_FILEPATH | ID: 166290bf-d079-499a-81d4-c8b672a7d246 | FilePath: 87654321/166290bf-d079-499a-81d4-c8b672a7d246_Certificado_de_Antecedentes_Penales_1753563201396.pdf
2025-07-26 17:53:21.422 - 💾 [REPO] BEFORE_MAPPING | ID: 166290bf-d079-499a-81d4-c8b672a7d246 | Domain File: Certificado de Antecedentes Penales.pdf | FilePath: 87654321/166290bf-d079-499a-81d4-c8b672a7d246_Certificado_de_Antecedentes_Penales_1753563201396.pdf | Caller: Unknown
2025-07-26 17:53:21.422 - 💾 [REPO] AFTER_MAPPING  | ID: 166290bf-d079-499a-81d4-c8b672a7d246 | Entity Version: 0 | Entity File: Certificado de Antecedentes Penales.pdf | Entity FilePath: 87654321/166290bf-d079-499a-81d4-c8b672a7d246_Certificado_de_Antecedentes_Penales_1753563201396.pdf
2025-07-26 17:53:21.424 - 🔍 [17:53:21.424] PRE_PERSIST  | ID: 166290bf-d079-499a-81d4-c8b672a7d246 | Version: 0 | Archived: false | Info: FileName: Certificado de Antecedentes Penales.pdf, UploadDate: 2025-07-26T17:53:21.396097300 | Caller: DocumentEntity.debugPrePersist:101
2025-07-26 17:53:21.424 - 💾 [REPO] AFTER_JPA_SAVE | ID: 166290bf-d079-499a-81d4-c8b672a7d246 | Final Version: 0 | Final File: Certificado de Antecedentes Penales.pdf | Final FilePath: 87654321/166290bf-d079-499a-81d4-c8b672a7d246_Certificado_de_Antecedentes_Penales_1753563201396.pdf
2025-07-26 17:53:21.430 - ✅ [17:53:21.430] POST_PERSIST | ID: 166290bf-d079-499a-81d4-c8b672a7d246 | Version: 0 | Archived: false | Info: FileName: Certificado de Antecedentes Penales.pdf, PERSISTED
2025-07-28 13:07:43.792 - 💾 [UPLOAD] BEFORE_SAVE_WITH_FILEPATH | ID: d259d754-5468-454f-8684-f92820585017 | FilePath: 87654321/d259d754-5468-454f-8684-f92820585017_DNI__Dorso__1753718863785.pdf
2025-07-28 13:07:43.792 - 💾 [UPLOAD] BEFORE_SAVE_WITH_FILEPATH | ID: 66ff74ab-ab1b-4aea-81b0-699ce992aa38 | FilePath: 87654321/66ff74ab-ab1b-4aea-81b0-699ce992aa38_Constancia_de_CUIL_1753718863785.pdf
2025-07-28 13:07:43.792 - 💾 [UPLOAD] BEFORE_SAVE_WITH_FILEPATH | ID: 98854d97-7f14-42d7-8104-fc823d0b33ea | FilePath: 87654321/98854d97-7f14-42d7-8104-fc823d0b33ea_Certificado_Sin_Sanciones_Disciplinarias_1753718863785.pdf
2025-07-28 13:07:43.793 - 💾 [REPO] BEFORE_MAPPING | ID: 66ff74ab-ab1b-4aea-81b0-699ce992aa38 | Domain File: Constancia de CUIL.pdf | FilePath: 87654321/66ff74ab-ab1b-4aea-81b0-699ce992aa38_Constancia_de_CUIL_1753718863785.pdf | Caller: Unknown
2025-07-28 13:07:43.793 - 💾 [REPO] BEFORE_MAPPING | ID: d259d754-5468-454f-8684-f92820585017 | Domain File: DNI (Dorso).pdf | FilePath: 87654321/d259d754-5468-454f-8684-f92820585017_DNI__Dorso__1753718863785.pdf | Caller: Unknown
2025-07-28 13:07:43.793 - 💾 [UPLOAD] BEFORE_SAVE_WITH_FILEPATH | ID: e228a421-9788-483c-b7bc-7910c465c03a | FilePath: 87654321/e228a421-9788-483c-b7bc-7910c465c03a_DNI__Frontal__1753718863785.pdf
2025-07-28 13:07:43.793 - 💾 [REPO] BEFORE_MAPPING | ID: 98854d97-7f14-42d7-8104-fc823d0b33ea | Domain File: Certificado Sin Sanciones Disciplinarias.pdf | FilePath: 87654321/98854d97-7f14-42d7-8104-fc823d0b33ea_Certificado_Sin_Sanciones_Disciplinarias_1753718863785.pdf | Caller: Unknown
2025-07-28 13:07:43.793 - 💾 [UPLOAD] BEFORE_SAVE_WITH_FILEPATH | ID: fc6eeb6a-00ff-4a94-b4cf-8ceffc83fa42 | FilePath: 87654321/fc6eeb6a-00ff-4a94-b4cf-8ceffc83fa42_Certificado_de_Antig_edad_Profesional_1753718863785.pdf
2025-07-28 13:07:43.793 - 💾 [REPO] BEFORE_MAPPING | ID: e228a421-9788-483c-b7bc-7910c465c03a | Domain File: DNI (Frontal).pdf | FilePath: 87654321/e228a421-9788-483c-b7bc-7910c465c03a_DNI__Frontal__1753718863785.pdf | Caller: Unknown
2025-07-28 13:07:43.793 - 💾 [REPO] BEFORE_MAPPING | ID: fc6eeb6a-00ff-4a94-b4cf-8ceffc83fa42 | Domain File: Certificado de Antigüedad Profesional.pdf | FilePath: 87654321/fc6eeb6a-00ff-4a94-b4cf-8ceffc83fa42_Certificado_de_Antig_edad_Profesional_1753718863785.pdf | Caller: Unknown
2025-07-28 13:07:43.794 - 💾 [REPO] AFTER_MAPPING  | ID: d259d754-5468-454f-8684-f92820585017 | Entity Version: 0 | Entity File: DNI (Dorso).pdf | Entity FilePath: 87654321/d259d754-5468-454f-8684-f92820585017_DNI__Dorso__1753718863785.pdf
2025-07-28 13:07:43.794 - 💾 [REPO] AFTER_MAPPING  | ID: 98854d97-7f14-42d7-8104-fc823d0b33ea | Entity Version: 0 | Entity File: Certificado Sin Sanciones Disciplinarias.pdf | Entity FilePath: 87654321/98854d97-7f14-42d7-8104-fc823d0b33ea_Certificado_Sin_Sanciones_Disciplinarias_1753718863785.pdf
2025-07-28 13:07:43.794 - 💾 [REPO] AFTER_MAPPING  | ID: 66ff74ab-ab1b-4aea-81b0-699ce992aa38 | Entity Version: 0 | Entity File: Constancia de CUIL.pdf | Entity FilePath: 87654321/66ff74ab-ab1b-4aea-81b0-699ce992aa38_Constancia_de_CUIL_1753718863785.pdf
2025-07-28 13:07:43.794 - 💾 [REPO] AFTER_MAPPING  | ID: e228a421-9788-483c-b7bc-7910c465c03a | Entity Version: 0 | Entity File: DNI (Frontal).pdf | Entity FilePath: 87654321/e228a421-9788-483c-b7bc-7910c465c03a_DNI__Frontal__1753718863785.pdf
2025-07-28 13:07:43.794 - 💾 [REPO] AFTER_MAPPING  | ID: fc6eeb6a-00ff-4a94-b4cf-8ceffc83fa42 | Entity Version: 0 | Entity File: Certificado de Antigüedad Profesional.pdf | Entity FilePath: 87654321/fc6eeb6a-00ff-4a94-b4cf-8ceffc83fa42_Certificado_de_Antig_edad_Profesional_1753718863785.pdf
2025-07-28 13:07:43.807 - 🔍 [13:07:43.802] PRE_PERSIST  | ID: 66ff74ab-ab1b-4aea-81b0-699ce992aa38 | Version: 0 | Archived: false | Info: FileName: Constancia de CUIL.pdf, UploadDate: 2025-07-28T13:07:43.781411200 | Caller: DocumentEntity.debugPrePersist:101
2025-07-28 13:07:43.807 - 🔍 [13:07:43.802] PRE_PERSIST  | ID: d259d754-5468-454f-8684-f92820585017 | Version: 0 | Archived: false | Info: FileName: DNI (Dorso).pdf, UploadDate: 2025-07-28T13:07:43.781411200 | Caller: DocumentEntity.debugPrePersist:101
2025-07-28 13:07:43.807 - 🔍 [13:07:43.802] PRE_PERSIST  | ID: 98854d97-7f14-42d7-8104-fc823d0b33ea | Version: 0 | Archived: false | Info: FileName: Certificado Sin Sanciones Disciplinarias.pdf, UploadDate: 2025-07-28T13:07:43.781411200 | Caller: DocumentEntity.debugPrePersist:101
2025-07-28 13:07:43.807 - 🔍 [13:07:43.802] PRE_PERSIST  | ID: fc6eeb6a-00ff-4a94-b4cf-8ceffc83fa42 | Version: 0 | Archived: false | Info: FileName: Certificado de Antigüedad Profesional.pdf, UploadDate: 2025-07-28T13:07:43.781411200 | Caller: DocumentEntity.debugPrePersist:101
2025-07-28 13:07:43.807 - 🔍 [13:07:43.802] PRE_PERSIST  | ID: e228a421-9788-483c-b7bc-7910c465c03a | Version: 0 | Archived: false | Info: FileName: DNI (Frontal).pdf, UploadDate: 2025-07-28T13:07:43.781411200 | Caller: DocumentEntity.debugPrePersist:101
2025-07-28 13:07:43.808 - 💾 [REPO] AFTER_JPA_SAVE | ID: 66ff74ab-ab1b-4aea-81b0-699ce992aa38 | Final Version: 0 | Final File: Constancia de CUIL.pdf | Final FilePath: 87654321/66ff74ab-ab1b-4aea-81b0-699ce992aa38_Constancia_de_CUIL_1753718863785.pdf
2025-07-28 13:07:43.808 - 💾 [REPO] AFTER_JPA_SAVE | ID: d259d754-5468-454f-8684-f92820585017 | Final Version: 0 | Final File: DNI (Dorso).pdf | Final FilePath: 87654321/d259d754-5468-454f-8684-f92820585017_DNI__Dorso__1753718863785.pdf
2025-07-28 13:07:43.808 - 💾 [REPO] AFTER_JPA_SAVE | ID: 98854d97-7f14-42d7-8104-fc823d0b33ea | Final Version: 0 | Final File: Certificado Sin Sanciones Disciplinarias.pdf | Final FilePath: 87654321/98854d97-7f14-42d7-8104-fc823d0b33ea_Certificado_Sin_Sanciones_Disciplinarias_1753718863785.pdf
2025-07-28 13:07:43.808 - 💾 [REPO] AFTER_JPA_SAVE | ID: e228a421-9788-483c-b7bc-7910c465c03a | Final Version: 0 | Final File: DNI (Frontal).pdf | Final FilePath: 87654321/e228a421-9788-483c-b7bc-7910c465c03a_DNI__Frontal__1753718863785.pdf
2025-07-28 13:07:43.808 - 💾 [REPO] AFTER_JPA_SAVE | ID: fc6eeb6a-00ff-4a94-b4cf-8ceffc83fa42 | Final Version: 0 | Final File: Certificado de Antigüedad Profesional.pdf | Final FilePath: 87654321/fc6eeb6a-00ff-4a94-b4cf-8ceffc83fa42_Certificado_de_Antig_edad_Profesional_1753718863785.pdf
2025-07-28 13:07:43.852 - ✅ [13:07:43.852] POST_PERSIST | ID: d259d754-5468-454f-8684-f92820585017 | Version: 0 | Archived: false | Info: FileName: DNI (Dorso).pdf, PERSISTED
2025-07-28 13:07:43.852 - ✅ [13:07:43.852] POST_PERSIST | ID: e228a421-9788-483c-b7bc-7910c465c03a | Version: 0 | Archived: false | Info: FileName: DNI (Frontal).pdf, PERSISTED
2025-07-28 13:07:43.852 - ✅ [13:07:43.852] POST_PERSIST | ID: 98854d97-7f14-42d7-8104-fc823d0b33ea | Version: 0 | Archived: false | Info: FileName: Certificado Sin Sanciones Disciplinarias.pdf, PERSISTED
2025-07-28 13:07:43.852 - ✅ [13:07:43.852] POST_PERSIST | ID: 66ff74ab-ab1b-4aea-81b0-699ce992aa38 | Version: 0 | Archived: false | Info: FileName: Constancia de CUIL.pdf, PERSISTED
2025-07-28 13:07:43.852 - ✅ [13:07:43.852] POST_PERSIST | ID: fc6eeb6a-00ff-4a94-b4cf-8ceffc83fa42 | Version: 0 | Archived: false | Info: FileName: Certificado de Antigüedad Profesional.pdf, PERSISTED
2025-07-28 13:07:43.873 - 💾 [UPLOAD] BEFORE_SAVE_WITH_FILEPATH | ID: 3b2c76b1-ab29-4ad9-9c4f-0393d50e401b | FilePath: 87654321/3b2c76b1-ab29-4ad9-9c4f-0393d50e401b_Certificado_de_Antecedentes_Penales_1753718863871.pdf
2025-07-28 13:07:43.873 - 💾 [REPO] BEFORE_MAPPING | ID: 3b2c76b1-ab29-4ad9-9c4f-0393d50e401b | Domain File: Certificado de Antecedentes Penales.pdf | FilePath: 87654321/3b2c76b1-ab29-4ad9-9c4f-0393d50e401b_Certificado_de_Antecedentes_Penales_1753718863871.pdf | Caller: Unknown
2025-07-28 13:07:43.874 - 💾 [REPO] AFTER_MAPPING  | ID: 3b2c76b1-ab29-4ad9-9c4f-0393d50e401b | Entity Version: 0 | Entity File: Certificado de Antecedentes Penales.pdf | Entity FilePath: 87654321/3b2c76b1-ab29-4ad9-9c4f-0393d50e401b_Certificado_de_Antecedentes_Penales_1753718863871.pdf
2025-07-28 13:07:43.875 - 🔍 [13:07:43.875] PRE_PERSIST  | ID: 3b2c76b1-ab29-4ad9-9c4f-0393d50e401b | Version: 0 | Archived: false | Info: FileName: Certificado de Antecedentes Penales.pdf, UploadDate: 2025-07-28T13:07:43.869687200 | Caller: DocumentEntity.debugPrePersist:101
2025-07-28 13:07:43.875 - 💾 [REPO] AFTER_JPA_SAVE | ID: 3b2c76b1-ab29-4ad9-9c4f-0393d50e401b | Final Version: 0 | Final File: Certificado de Antecedentes Penales.pdf | Final FilePath: 87654321/3b2c76b1-ab29-4ad9-9c4f-0393d50e401b_Certificado_de_Antecedentes_Penales_1753718863871.pdf
2025-07-28 13:07:43.878 - ✅ [13:07:43.878] POST_PERSIST | ID: 3b2c76b1-ab29-4ad9-9c4f-0393d50e401b | Version: 0 | Archived: false | Info: FileName: Certificado de Antecedentes Penales.pdf, PERSISTED
2025-07-28 17:55:28.586 - 💾 [REPO] BEFORE_MAPPING | ID: 3b2c76b1-ab29-4ad9-9c4f-0393d50e401b | Domain File: Certificado de Antecedentes Penales.pdf | FilePath: 87654321/3b2c76b1-ab29-4ad9-9c4f-0393d50e401b_Certificado_de_Antecedentes_Penales_1753718863871.pdf | Caller: Unknown
2025-07-28 17:55:28.587 - 💾 [REPO] AFTER_MAPPING  | ID: 3b2c76b1-ab29-4ad9-9c4f-0393d50e401b | Entity Version: 0 | Entity File: Certificado de Antecedentes Penales.pdf | Entity FilePath: 87654321/3b2c76b1-ab29-4ad9-9c4f-0393d50e401b_Certificado_de_Antecedentes_Penales_1753718863871.pdf
2025-07-28 17:55:28.606 - 💾 [REPO] AFTER_JPA_SAVE | ID: 3b2c76b1-ab29-4ad9-9c4f-0393d50e401b | Final Version: 0 | Final File: Certificado de Antecedentes Penales.pdf | Final FilePath: 87654321/3b2c76b1-ab29-4ad9-9c4f-0393d50e401b_Certificado_de_Antecedentes_Penales_1753718863871.pdf
2025-07-28 17:55:28.616 - 🔄 [17:55:28.610] PRE_UPDATE   | ID: 3b2c76b1-ab29-4ad9-9c4f-0393d50e401b | Version: 0 | Archived: false | Info: FileName: Certificado de Antecedentes Penales.pdf, UPDATE | Caller: DocumentEntity.debugPreUpdate:121
2025-07-28 17:55:28.643 - ✅ [17:55:28.643] POST_UPDATE  | ID: 3b2c76b1-ab29-4ad9-9c4f-0393d50e401b | Version: 1 | Archived: false | Info: FileName: Certificado de Antecedentes Penales.pdf, UPDATED
2025-07-28 17:55:55.436 - 💾 [REPO] BEFORE_MAPPING | ID: 66ff74ab-ab1b-4aea-81b0-699ce992aa38 | Domain File: Constancia de CUIL.pdf | FilePath: 87654321/66ff74ab-ab1b-4aea-81b0-699ce992aa38_Constancia_de_CUIL_1753718863785.pdf | Caller: Unknown
2025-07-28 17:55:55.437 - 💾 [REPO] AFTER_MAPPING  | ID: 66ff74ab-ab1b-4aea-81b0-699ce992aa38 | Entity Version: 0 | Entity File: Constancia de CUIL.pdf | Entity FilePath: 87654321/66ff74ab-ab1b-4aea-81b0-699ce992aa38_Constancia_de_CUIL_1753718863785.pdf
2025-07-28 17:55:55.437 - 💾 [REPO] AFTER_JPA_SAVE | ID: 66ff74ab-ab1b-4aea-81b0-699ce992aa38 | Final Version: 0 | Final File: Constancia de CUIL.pdf | Final FilePath: 87654321/66ff74ab-ab1b-4aea-81b0-699ce992aa38_Constancia_de_CUIL_1753718863785.pdf
2025-07-28 17:55:55.438 - 🔄 [17:55:55.438] PRE_UPDATE   | ID: 66ff74ab-ab1b-4aea-81b0-699ce992aa38 | Version: 0 | Archived: false | Info: FileName: Constancia de CUIL.pdf, UPDATE | Caller: DocumentEntity.debugPreUpdate:121
2025-07-28 17:55:55.441 - ✅ [17:55:55.441] POST_UPDATE  | ID: 66ff74ab-ab1b-4aea-81b0-699ce992aa38 | Version: 1 | Archived: false | Info: FileName: Constancia de CUIL.pdf, UPDATED
2025-07-29 11:16:54.630 - 💾 [UPLOAD] BEFORE_SAVE_WITH_FILEPATH | ID: 7c8846a7-f607-4a63-98a2-b407ece2726b | FilePath: 87654321/7c8846a7-f607-4a63-98a2-b407ece2726b_Certificado_de_Antig_edad_Profesional_1753798614623.pdf
2025-07-29 11:16:54.631 - 💾 [REPO] BEFORE_MAPPING | ID: 7c8846a7-f607-4a63-98a2-b407ece2726b | Domain File: Certificado de Antigüedad Profesional.pdf | FilePath: 87654321/7c8846a7-f607-4a63-98a2-b407ece2726b_Certificado_de_Antig_edad_Profesional_1753798614623.pdf | Caller: Unknown
2025-07-29 11:16:54.631 - 💾 [REPO] AFTER_MAPPING  | ID: 7c8846a7-f607-4a63-98a2-b407ece2726b | Entity Version: 0 | Entity File: Certificado de Antigüedad Profesional.pdf | Entity FilePath: 87654321/7c8846a7-f607-4a63-98a2-b407ece2726b_Certificado_de_Antig_edad_Profesional_1753798614623.pdf
2025-07-29 11:16:54.647 - 🔍 [11:16:54.644] PRE_PERSIST  | ID: 7c8846a7-f607-4a63-98a2-b407ece2726b | Version: 0 | Archived: false | Info: FileName: Certificado de Antigüedad Profesional.pdf, UploadDate: 2025-07-29T11:16:54.619545100 | Caller: DocumentEntity.debugPrePersist:101
2025-07-29 11:16:54.651 - 💾 [REPO] AFTER_JPA_SAVE | ID: 7c8846a7-f607-4a63-98a2-b407ece2726b | Final Version: 0 | Final File: Certificado de Antigüedad Profesional.pdf | Final FilePath: 87654321/7c8846a7-f607-4a63-98a2-b407ece2726b_Certificado_de_Antig_edad_Profesional_1753798614623.pdf
2025-07-29 11:16:54.722 - ✅ [11:16:54.722] POST_PERSIST | ID: 7c8846a7-f607-4a63-98a2-b407ece2726b | Version: 0 | Archived: false | Info: FileName: Certificado de Antigüedad Profesional.pdf, PERSISTED
2025-07-29 21:00:19.516 - 💾 [UPLOAD] BEFORE_SAVE_WITH_FILEPATH | ID: 612edc38-2c38-4c63-881d-63b441c4da63 | FilePath: 26598410/612edc38-2c38-4c63-881d-63b441c4da63_Certificado_Sin_Sanciones_Disciplinarias_1753833619505.pdf
2025-07-29 21:00:19.516 - 💾 [UPLOAD] BEFORE_SAVE_WITH_FILEPATH | ID: 2193c3a6-4cd6-47ed-8e9a-eda8cf538a93 | FilePath: 26598410/2193c3a6-4cd6-47ed-8e9a-eda8cf538a93_Constancia_de_CUIL_1753833619505.pdf
2025-07-29 21:00:19.516 - 💾 [UPLOAD] BEFORE_SAVE_WITH_FILEPATH | ID: b6c9ffcf-0785-4c0a-970f-35b1e01cd61b | FilePath: 26598410/b6c9ffcf-0785-4c0a-970f-35b1e01cd61b_Certificado_de_Antig_edad_Profesional_1753833619509.pdf
2025-07-29 21:00:19.516 - 💾 [UPLOAD] BEFORE_SAVE_WITH_FILEPATH | ID: 93fb1ced-c160-402a-a14c-b409e8fd2f27 | FilePath: 26598410/93fb1ced-c160-402a-a14c-b409e8fd2f27_DNI__Frontal__1753833619505.pdf
2025-07-29 21:00:19.518 - 💾 [REPO] BEFORE_MAPPING | ID: 612edc38-2c38-4c63-881d-63b441c4da63 | Domain File: Certificado Sin Sanciones Disciplinarias.pdf | FilePath: 26598410/612edc38-2c38-4c63-881d-63b441c4da63_Certificado_Sin_Sanciones_Disciplinarias_1753833619505.pdf | Caller: Unknown
2025-07-29 21:00:19.518 - 💾 [REPO] BEFORE_MAPPING | ID: 93fb1ced-c160-402a-a14c-b409e8fd2f27 | Domain File: DNI (Frontal).pdf | FilePath: 26598410/93fb1ced-c160-402a-a14c-b409e8fd2f27_DNI__Frontal__1753833619505.pdf | Caller: Unknown
2025-07-29 21:00:19.518 - 💾 [REPO] BEFORE_MAPPING | ID: b6c9ffcf-0785-4c0a-970f-35b1e01cd61b | Domain File: Certificado de Antigüedad Profesional.pdf | FilePath: 26598410/b6c9ffcf-0785-4c0a-970f-35b1e01cd61b_Certificado_de_Antig_edad_Profesional_1753833619509.pdf | Caller: Unknown
2025-07-29 21:00:19.518 - 💾 [REPO] BEFORE_MAPPING | ID: 2193c3a6-4cd6-47ed-8e9a-eda8cf538a93 | Domain File: Constancia de CUIL.pdf | FilePath: 26598410/2193c3a6-4cd6-47ed-8e9a-eda8cf538a93_Constancia_de_CUIL_1753833619505.pdf | Caller: Unknown
2025-07-29 21:00:19.520 - 💾 [REPO] AFTER_MAPPING  | ID: 93fb1ced-c160-402a-a14c-b409e8fd2f27 | Entity Version: 0 | Entity File: DNI (Frontal).pdf | Entity FilePath: 26598410/93fb1ced-c160-402a-a14c-b409e8fd2f27_DNI__Frontal__1753833619505.pdf
2025-07-29 21:00:19.520 - 💾 [REPO] AFTER_MAPPING  | ID: b6c9ffcf-0785-4c0a-970f-35b1e01cd61b | Entity Version: 0 | Entity File: Certificado de Antigüedad Profesional.pdf | Entity FilePath: 26598410/b6c9ffcf-0785-4c0a-970f-35b1e01cd61b_Certificado_de_Antig_edad_Profesional_1753833619509.pdf
2025-07-29 21:00:19.520 - 💾 [REPO] AFTER_MAPPING  | ID: 612edc38-2c38-4c63-881d-63b441c4da63 | Entity Version: 0 | Entity File: Certificado Sin Sanciones Disciplinarias.pdf | Entity FilePath: 26598410/612edc38-2c38-4c63-881d-63b441c4da63_Certificado_Sin_Sanciones_Disciplinarias_1753833619505.pdf
2025-07-29 21:00:19.520 - 💾 [REPO] AFTER_MAPPING  | ID: 2193c3a6-4cd6-47ed-8e9a-eda8cf538a93 | Entity Version: 0 | Entity File: Constancia de CUIL.pdf | Entity FilePath: 26598410/2193c3a6-4cd6-47ed-8e9a-eda8cf538a93_Constancia_de_CUIL_1753833619505.pdf
2025-07-29 21:00:19.530 - 🔍 [21:00:19.528] PRE_PERSIST  | ID: 612edc38-2c38-4c63-881d-63b441c4da63 | Version: 0 | Archived: false | Info: FileName: Certificado Sin Sanciones Disciplinarias.pdf, UploadDate: 2025-07-29T21:00:19.500824600 | Caller: DocumentEntity.debugPrePersist:101
2025-07-29 21:00:19.530 - 🔍 [21:00:19.528] PRE_PERSIST  | ID: 2193c3a6-4cd6-47ed-8e9a-eda8cf538a93 | Version: 0 | Archived: false | Info: FileName: Constancia de CUIL.pdf, UploadDate: 2025-07-29T21:00:19.500824600 | Caller: DocumentEntity.debugPrePersist:101
2025-07-29 21:00:19.530 - 🔍 [21:00:19.528] PRE_PERSIST  | ID: 93fb1ced-c160-402a-a14c-b409e8fd2f27 | Version: 0 | Archived: false | Info: FileName: DNI (Frontal).pdf, UploadDate: 2025-07-29T21:00:19.500824600 | Caller: DocumentEntity.debugPrePersist:101
2025-07-29 21:00:19.530 - 🔍 [21:00:19.528] PRE_PERSIST  | ID: b6c9ffcf-0785-4c0a-970f-35b1e01cd61b | Version: 0 | Archived: false | Info: FileName: Certificado de Antigüedad Profesional.pdf, UploadDate: 2025-07-29T21:00:19.506836200 | Caller: DocumentEntity.debugPrePersist:101
2025-07-29 21:00:19.531 - 💾 [REPO] AFTER_JPA_SAVE | ID: b6c9ffcf-0785-4c0a-970f-35b1e01cd61b | Final Version: 0 | Final File: Certificado de Antigüedad Profesional.pdf | Final FilePath: 26598410/b6c9ffcf-0785-4c0a-970f-35b1e01cd61b_Certificado_de_Antig_edad_Profesional_1753833619509.pdf
2025-07-29 21:00:19.531 - 💾 [REPO] AFTER_JPA_SAVE | ID: 93fb1ced-c160-402a-a14c-b409e8fd2f27 | Final Version: 0 | Final File: DNI (Frontal).pdf | Final FilePath: 26598410/93fb1ced-c160-402a-a14c-b409e8fd2f27_DNI__Frontal__1753833619505.pdf
2025-07-29 21:00:19.531 - 💾 [REPO] AFTER_JPA_SAVE | ID: 2193c3a6-4cd6-47ed-8e9a-eda8cf538a93 | Final Version: 0 | Final File: Constancia de CUIL.pdf | Final FilePath: 26598410/2193c3a6-4cd6-47ed-8e9a-eda8cf538a93_Constancia_de_CUIL_1753833619505.pdf
2025-07-29 21:00:19.531 - 💾 [REPO] AFTER_JPA_SAVE | ID: 612edc38-2c38-4c63-881d-63b441c4da63 | Final Version: 0 | Final File: Certificado Sin Sanciones Disciplinarias.pdf | Final FilePath: 26598410/612edc38-2c38-4c63-881d-63b441c4da63_Certificado_Sin_Sanciones_Disciplinarias_1753833619505.pdf
2025-07-29 21:00:19.544 - 💾 [UPLOAD] BEFORE_SAVE_WITH_FILEPATH | ID: fc04b1b7-0184-4379-be62-e7916521b735 | FilePath: 26598410/fc04b1b7-0184-4379-be62-e7916521b735_DNI__Dorso__1753833619542.pdf
2025-07-29 21:00:19.544 - 💾 [REPO] BEFORE_MAPPING | ID: fc04b1b7-0184-4379-be62-e7916521b735 | Domain File: DNI (Dorso).pdf | FilePath: 26598410/fc04b1b7-0184-4379-be62-e7916521b735_DNI__Dorso__1753833619542.pdf | Caller: Unknown
2025-07-29 21:00:19.544 - 💾 [REPO] AFTER_MAPPING  | ID: fc04b1b7-0184-4379-be62-e7916521b735 | Entity Version: 0 | Entity File: DNI (Dorso).pdf | Entity FilePath: 26598410/fc04b1b7-0184-4379-be62-e7916521b735_DNI__Dorso__1753833619542.pdf
2025-07-29 21:00:19.546 - 🔍 [21:00:19.545] PRE_PERSIST  | ID: fc04b1b7-0184-4379-be62-e7916521b735 | Version: 0 | Archived: false | Info: FileName: DNI (Dorso).pdf, UploadDate: 2025-07-29T21:00:19.541364 | Caller: DocumentEntity.debugPrePersist:101
2025-07-29 21:00:19.546 - 💾 [REPO] AFTER_JPA_SAVE | ID: fc04b1b7-0184-4379-be62-e7916521b735 | Final Version: 0 | Final File: DNI (Dorso).pdf | Final FilePath: 26598410/fc04b1b7-0184-4379-be62-e7916521b735_DNI__Dorso__1753833619542.pdf
2025-07-29 21:00:19.556 - ✅ [21:00:19.556] POST_PERSIST | ID: 2193c3a6-4cd6-47ed-8e9a-eda8cf538a93 | Version: 0 | Archived: false | Info: FileName: Constancia de CUIL.pdf, PERSISTED
2025-07-29 21:00:19.556 - ✅ [21:00:19.556] POST_PERSIST | ID: 93fb1ced-c160-402a-a14c-b409e8fd2f27 | Version: 0 | Archived: false | Info: FileName: DNI (Frontal).pdf, PERSISTED
2025-07-29 21:00:19.556 - ✅ [21:00:19.556] POST_PERSIST | ID: 612edc38-2c38-4c63-881d-63b441c4da63 | Version: 0 | Archived: false | Info: FileName: Certificado Sin Sanciones Disciplinarias.pdf, PERSISTED
2025-07-29 21:00:19.556 - ✅ [21:00:19.556] POST_PERSIST | ID: b6c9ffcf-0785-4c0a-970f-35b1e01cd61b | Version: 0 | Archived: false | Info: FileName: Certificado de Antigüedad Profesional.pdf, PERSISTED
2025-07-29 21:00:19.562 - ✅ [21:00:19.562] POST_PERSIST | ID: fc04b1b7-0184-4379-be62-e7916521b735 | Version: 0 | Archived: false | Info: FileName: DNI (Dorso).pdf, PERSISTED
2025-07-29 21:00:19.581 - 💾 [UPLOAD] BEFORE_SAVE_WITH_FILEPATH | ID: 056dcbe6-1f2d-4858-9902-67534bdb65c5 | FilePath: 26598410/056dcbe6-1f2d-4858-9902-67534bdb65c5_Certificado_de_Antecedentes_Penales_1753833619573.pdf
2025-07-29 21:00:19.582 - 💾 [REPO] BEFORE_MAPPING | ID: 056dcbe6-1f2d-4858-9902-67534bdb65c5 | Domain File: Certificado de Antecedentes Penales.pdf | FilePath: 26598410/056dcbe6-1f2d-4858-9902-67534bdb65c5_Certificado_de_Antecedentes_Penales_1753833619573.pdf | Caller: Unknown
2025-07-29 21:00:19.582 - 💾 [REPO] AFTER_MAPPING  | ID: 056dcbe6-1f2d-4858-9902-67534bdb65c5 | Entity Version: 0 | Entity File: Certificado de Antecedentes Penales.pdf | Entity FilePath: 26598410/056dcbe6-1f2d-4858-9902-67534bdb65c5_Certificado_de_Antecedentes_Penales_1753833619573.pdf
2025-07-29 21:00:19.589 - 🔍 [21:00:19.589] PRE_PERSIST  | ID: 056dcbe6-1f2d-4858-9902-67534bdb65c5 | Version: 0 | Archived: false | Info: FileName: Certificado de Antecedentes Penales.pdf, UploadDate: 2025-07-29T21:00:19.571977 | Caller: DocumentEntity.debugPrePersist:101
2025-07-29 21:00:19.589 - 💾 [REPO] AFTER_JPA_SAVE | ID: 056dcbe6-1f2d-4858-9902-67534bdb65c5 | Final Version: 0 | Final File: Certificado de Antecedentes Penales.pdf | Final FilePath: 26598410/056dcbe6-1f2d-4858-9902-67534bdb65c5_Certificado_de_Antecedentes_Penales_1753833619573.pdf
2025-07-29 21:00:19.595 - ✅ [21:00:19.595] POST_PERSIST | ID: 056dcbe6-1f2d-4858-9902-67534bdb65c5 | Version: 0 | Archived: false | Info: FileName: Certificado de Antecedentes Penales.pdf, PERSISTED
2025-07-29 21:01:46.194 - 💾 [UPLOAD] BEFORE_SAVE_WITH_FILEPATH | ID: 6e658f88-f800-4032-8bfd-b1fdf351afc4 | FilePath: 26598410/6e658f88-f800-4032-8bfd-b1fdf351afc4_Certificado_Ley_Micaela_1753833706189.pdf
2025-07-29 21:01:46.195 - 💾 [REPO] BEFORE_MAPPING | ID: 6e658f88-f800-4032-8bfd-b1fdf351afc4 | Domain File: Certificado Ley Micaela.pdf | FilePath: 26598410/6e658f88-f800-4032-8bfd-b1fdf351afc4_Certificado_Ley_Micaela_1753833706189.pdf | Caller: Unknown
2025-07-29 21:01:46.195 - 💾 [REPO] AFTER_MAPPING  | ID: 6e658f88-f800-4032-8bfd-b1fdf351afc4 | Entity Version: 0 | Entity File: Certificado Ley Micaela.pdf | Entity FilePath: 26598410/6e658f88-f800-4032-8bfd-b1fdf351afc4_Certificado_Ley_Micaela_1753833706189.pdf
2025-07-29 21:01:46.198 - 🔍 [21:01:46.197] PRE_PERSIST  | ID: 6e658f88-f800-4032-8bfd-b1fdf351afc4 | Version: 0 | Archived: false | Info: FileName: Certificado Ley Micaela.pdf, UploadDate: 2025-07-29T21:01:46.186398700 | Caller: DocumentEntity.debugPrePersist:101
2025-07-29 21:01:46.198 - 💾 [REPO] AFTER_JPA_SAVE | ID: 6e658f88-f800-4032-8bfd-b1fdf351afc4 | Final Version: 0 | Final File: Certificado Ley Micaela.pdf | Final FilePath: 26598410/6e658f88-f800-4032-8bfd-b1fdf351afc4_Certificado_Ley_Micaela_1753833706189.pdf
2025-07-29 21:01:46.210 - ✅ [21:01:46.210] POST_PERSIST | ID: 6e658f88-f800-4032-8bfd-b1fdf351afc4 | Version: 0 | Archived: false | Info: FileName: Certificado Ley Micaela.pdf, PERSISTED
2025-07-29 21:02:47.366 - 💾 [UPLOAD] BEFORE_SAVE_WITH_FILEPATH | ID: dbed9ac5-3d05-4f7d-a735-a3538f76578b | FilePath: 26598410/dbed9ac5-3d05-4f7d-a735-a3538f76578b_Certificado_Ley_Micaela_1753833767362.pdf
2025-07-29 21:02:47.367 - 💾 [REPO] BEFORE_MAPPING | ID: dbed9ac5-3d05-4f7d-a735-a3538f76578b | Domain File: Certificado Ley Micaela.pdf | FilePath: 26598410/dbed9ac5-3d05-4f7d-a735-a3538f76578b_Certificado_Ley_Micaela_1753833767362.pdf | Caller: Unknown
2025-07-29 21:02:47.367 - 💾 [REPO] AFTER_MAPPING  | ID: dbed9ac5-3d05-4f7d-a735-a3538f76578b | Entity Version: 0 | Entity File: Certificado Ley Micaela.pdf | Entity FilePath: 26598410/dbed9ac5-3d05-4f7d-a735-a3538f76578b_Certificado_Ley_Micaela_1753833767362.pdf
2025-07-29 21:02:47.369 - 🔍 [21:02:47.369] PRE_PERSIST  | ID: dbed9ac5-3d05-4f7d-a735-a3538f76578b | Version: 0 | Archived: false | Info: FileName: Certificado Ley Micaela.pdf, UploadDate: 2025-07-29T21:02:47.360524200 | Caller: DocumentEntity.debugPrePersist:101
2025-07-29 21:02:47.370 - 💾 [REPO] AFTER_JPA_SAVE | ID: dbed9ac5-3d05-4f7d-a735-a3538f76578b | Final Version: 0 | Final File: Certificado Ley Micaela.pdf | Final FilePath: 26598410/dbed9ac5-3d05-4f7d-a735-a3538f76578b_Certificado_Ley_Micaela_1753833767362.pdf
2025-07-29 21:02:47.379 - ✅ [21:02:47.379] POST_PERSIST | ID: dbed9ac5-3d05-4f7d-a735-a3538f76578b | Version: 0 | Archived: false | Info: FileName: Certificado Ley Micaela.pdf, PERSISTED
2025-07-29 21:03:20.527 - 💾 [UPLOAD] BEFORE_SAVE_WITH_FILEPATH | ID: a0301b8c-a769-4e3b-81b4-8c73df297770 | FilePath: 26598410/a0301b8c-a769-4e3b-81b4-8c73df297770_Certificado_Ley_Micaela_1753833800523.pdf
2025-07-29 21:03:20.527 - 💾 [REPO] BEFORE_MAPPING | ID: a0301b8c-a769-4e3b-81b4-8c73df297770 | Domain File: Certificado Ley Micaela.pdf | FilePath: 26598410/a0301b8c-a769-4e3b-81b4-8c73df297770_Certificado_Ley_Micaela_1753833800523.pdf | Caller: Unknown
2025-07-29 21:03:20.527 - 💾 [REPO] AFTER_MAPPING  | ID: a0301b8c-a769-4e3b-81b4-8c73df297770 | Entity Version: 0 | Entity File: Certificado Ley Micaela.pdf | Entity FilePath: 26598410/a0301b8c-a769-4e3b-81b4-8c73df297770_Certificado_Ley_Micaela_1753833800523.pdf
2025-07-29 21:03:20.530 - 🔍 [21:03:20.529] PRE_PERSIST  | ID: a0301b8c-a769-4e3b-81b4-8c73df297770 | Version: 0 | Archived: false | Info: FileName: Certificado Ley Micaela.pdf, UploadDate: 2025-07-29T21:03:20.521574500 | Caller: DocumentEntity.debugPrePersist:101
2025-07-29 21:03:20.530 - 💾 [REPO] AFTER_JPA_SAVE | ID: a0301b8c-a769-4e3b-81b4-8c73df297770 | Final Version: 0 | Final File: Certificado Ley Micaela.pdf | Final FilePath: 26598410/a0301b8c-a769-4e3b-81b4-8c73df297770_Certificado_Ley_Micaela_1753833800523.pdf
2025-07-29 21:03:20.539 - ✅ [21:03:20.538] POST_PERSIST | ID: a0301b8c-a769-4e3b-81b4-8c73df297770 | Version: 0 | Archived: false | Info: FileName: Certificado Ley Micaela.pdf, PERSISTED
2025-07-30 05:14:55.268 - 💾 [UPLOAD] BEFORE_SAVE_WITH_FILEPATH | ID: d02db469-bced-480b-b073-8cbb50e6df8d | FilePath: 87654321/d02db469-bced-480b-b073-8cbb50e6df8d_Constancia_de_CUIL_1753863295261.pdf
2025-07-30 05:14:55.279 - 💾 [REPO] BEFORE_MAPPING | ID: d02db469-bced-480b-b073-8cbb50e6df8d | Domain File: Constancia de CUIL.pdf | FilePath: 87654321/d02db469-bced-480b-b073-8cbb50e6df8d_Constancia_de_CUIL_1753863295261.pdf | Caller: Unknown
2025-07-30 05:14:55.280 - 💾 [REPO] AFTER_MAPPING  | ID: d02db469-bced-480b-b073-8cbb50e6df8d | Entity Version: 0 | Entity File: Constancia de CUIL.pdf | Entity FilePath: 87654321/d02db469-bced-480b-b073-8cbb50e6df8d_Constancia_de_CUIL_1753863295261.pdf
2025-07-30 05:14:55.297 - 🔍 [05:14:55.290] PRE_PERSIST  | ID: d02db469-bced-480b-b073-8cbb50e6df8d | Version: 0 | Archived: false | Info: FileName: Constancia de CUIL.pdf, UploadDate: 2025-07-30T05:14:55.257994 | Caller: DocumentEntity.debugPrePersist:101
2025-07-30 05:14:55.303 - 💾 [REPO] AFTER_JPA_SAVE | ID: d02db469-bced-480b-b073-8cbb50e6df8d | Final Version: 0 | Final File: Constancia de CUIL.pdf | Final FilePath: 87654321/d02db469-bced-480b-b073-8cbb50e6df8d_Constancia_de_CUIL_1753863295261.pdf
2025-07-30 05:14:55.329 - ✅ [05:14:55.329] POST_PERSIST | ID: d02db469-bced-480b-b073-8cbb50e6df8d | Version: 0 | Archived: false | Info: FileName: Constancia de CUIL.pdf, PERSISTED
2025-07-30 05:15:10.089 - 💾 [UPLOAD] BEFORE_SAVE_WITH_FILEPATH | ID: 1daa3ec4-77c5-4b79-a975-9d3d2beaa369 | FilePath: 87654321/1daa3ec4-77c5-4b79-a975-9d3d2beaa369_T_tulo_Universitario_y_Certificado_Anal_tico_1753863310085.pdf
2025-07-30 05:15:10.093 - 💾 [REPO] BEFORE_MAPPING | ID: 1daa3ec4-77c5-4b79-a975-9d3d2beaa369 | Domain File: Título Universitario y Certificado Analítico.pdf | FilePath: 87654321/1daa3ec4-77c5-4b79-a975-9d3d2beaa369_T_tulo_Universitario_y_Certificado_Anal_tico_1753863310085.pdf | Caller: Unknown
2025-07-30 05:15:10.093 - 💾 [REPO] AFTER_MAPPING  | ID: 1daa3ec4-77c5-4b79-a975-9d3d2beaa369 | Entity Version: 0 | Entity File: Título Universitario y Certificado Analítico.pdf | Entity FilePath: 87654321/1daa3ec4-77c5-4b79-a975-9d3d2beaa369_T_tulo_Universitario_y_Certificado_Anal_tico_1753863310085.pdf
2025-07-30 05:15:10.095 - 🔍 [05:15:10.095] PRE_PERSIST  | ID: 1daa3ec4-77c5-4b79-a975-9d3d2beaa369 | Version: 0 | Archived: false | Info: FileName: Título Universitario y Certificado Analítico.pdf, UploadDate: 2025-07-30T05:15:10.083149300 | Caller: DocumentEntity.debugPrePersist:101
2025-07-30 05:15:10.096 - 💾 [REPO] AFTER_JPA_SAVE | ID: 1daa3ec4-77c5-4b79-a975-9d3d2beaa369 | Final Version: 0 | Final File: Título Universitario y Certificado Analítico.pdf | Final FilePath: 87654321/1daa3ec4-77c5-4b79-a975-9d3d2beaa369_T_tulo_Universitario_y_Certificado_Anal_tico_1753863310085.pdf
2025-07-30 05:15:10.102 - ✅ [05:15:10.102] POST_PERSIST | ID: 1daa3ec4-77c5-4b79-a975-9d3d2beaa369 | Version: 0 | Archived: false | Info: FileName: Título Universitario y Certificado Analítico.pdf, PERSISTED
2025-07-30 05:15:38.193 - 💾 [REPO] BEFORE_MAPPING | ID: 1daa3ec4-77c5-4b79-a975-9d3d2beaa369 | Domain File: Título Universitario y Certificado Analítico.pdf | FilePath: 87654321\ARCHIVED_1daa3ec4-77c5-4b79-a975-9d3d2beaa369_TITULO_UNIVERSITARIO_Y_CERTIFICADO_ANALITICO_20250730_051538.pdf | Caller: Unknown
2025-07-30 05:15:38.193 - 💾 [REPO] AFTER_MAPPING  | ID: 1daa3ec4-77c5-4b79-a975-9d3d2beaa369 | Entity Version: 0 | Entity File: Título Universitario y Certificado Analítico.pdf | Entity FilePath: 87654321\ARCHIVED_1daa3ec4-77c5-4b79-a975-9d3d2beaa369_TITULO_UNIVERSITARIO_Y_CERTIFICADO_ANALITICO_20250730_051538.pdf
2025-07-30 05:15:38.194 - 💾 [REPO] AFTER_JPA_SAVE | ID: 1daa3ec4-77c5-4b79-a975-9d3d2beaa369 | Final Version: 0 | Final File: Título Universitario y Certificado Analítico.pdf | Final FilePath: 87654321\ARCHIVED_1daa3ec4-77c5-4b79-a975-9d3d2beaa369_TITULO_UNIVERSITARIO_Y_CERTIFICADO_ANALITICO_20250730_051538.pdf
2025-07-30 05:15:38.195 - 🔄 [05:15:38.195] PRE_UPDATE   | ID: 1daa3ec4-77c5-4b79-a975-9d3d2beaa369 | Version: 0 | Archived: false | Info: FileName: Título Universitario y Certificado Analítico.pdf, UPDATE | Caller: DocumentEntity.debugPreUpdate:121
2025-07-30 05:15:38.198 - ✅ [05:15:38.198] POST_UPDATE  | ID: 1daa3ec4-77c5-4b79-a975-9d3d2beaa369 | Version: 1 | Archived: false | Info: FileName: Título Universitario y Certificado Analítico.pdf, UPDATED
2025-07-30 05:17:58.587 - 💾 [REPO] BEFORE_MAPPING | ID: d02db469-bced-480b-b073-8cbb50e6df8d | Domain File: Constancia de CUIL.pdf | FilePath: 87654321\ARCHIVED_d02db469-bced-480b-b073-8cbb50e6df8d_CONSTANCIA_CUIL_20250730_051758.pdf | Caller: Unknown
2025-07-30 05:17:58.588 - 💾 [REPO] AFTER_MAPPING  | ID: d02db469-bced-480b-b073-8cbb50e6df8d | Entity Version: 0 | Entity File: Constancia de CUIL.pdf | Entity FilePath: 87654321\ARCHIVED_d02db469-bced-480b-b073-8cbb50e6df8d_CONSTANCIA_CUIL_20250730_051758.pdf
2025-07-30 05:17:58.588 - 💾 [REPO] AFTER_JPA_SAVE | ID: d02db469-bced-480b-b073-8cbb50e6df8d | Final Version: 0 | Final File: Constancia de CUIL.pdf | Final FilePath: 87654321\ARCHIVED_d02db469-bced-480b-b073-8cbb50e6df8d_CONSTANCIA_CUIL_20250730_051758.pdf
2025-07-30 05:17:58.589 - 🔄 [05:17:58.589] PRE_UPDATE   | ID: d02db469-bced-480b-b073-8cbb50e6df8d | Version: 0 | Archived: false | Info: FileName: Constancia de CUIL.pdf, UPDATE | Caller: DocumentEntity.debugPreUpdate:121
2025-07-30 05:17:58.591 - ✅ [05:17:58.591] POST_UPDATE  | ID: d02db469-bced-480b-b073-8cbb50e6df8d | Version: 1 | Archived: false | Info: FileName: Constancia de CUIL.pdf, UPDATED
2025-07-30 05:41:37.298 - 💾 [UPLOAD] BEFORE_SAVE_WITH_FILEPATH | ID: e0b91d29-9c49-411a-a60e-262da62c3e7b | FilePath: 87654321/e0b91d29-9c49-411a-a60e-262da62c3e7b_Constancia_de_CUIL_1753864897286.pdf
2025-07-30 05:41:37.313 - 💾 [REPO] BEFORE_MAPPING | ID: e0b91d29-9c49-411a-a60e-262da62c3e7b | Domain File: Constancia de CUIL.pdf | FilePath: 87654321/e0b91d29-9c49-411a-a60e-262da62c3e7b_Constancia_de_CUIL_1753864897286.pdf | Caller: Unknown
2025-07-30 05:41:37.317 - 💾 [REPO] AFTER_MAPPING  | ID: e0b91d29-9c49-411a-a60e-262da62c3e7b | Entity Version: 0 | Entity File: Constancia de CUIL.pdf | Entity FilePath: 87654321/e0b91d29-9c49-411a-a60e-262da62c3e7b_Constancia_de_CUIL_1753864897286.pdf
2025-07-30 05:41:37.338 - 🔍 [05:41:37.331] PRE_PERSIST  | ID: e0b91d29-9c49-411a-a60e-262da62c3e7b | Version: 0 | Archived: false | Info: FileName: Constancia de CUIL.pdf, UploadDate: 2025-07-30T05:41:37.276983400 | Caller: DocumentEntity.debugPrePersist:101
2025-07-30 05:41:37.345 - 💾 [REPO] AFTER_JPA_SAVE | ID: e0b91d29-9c49-411a-a60e-262da62c3e7b | Final Version: 0 | Final File: Constancia de CUIL.pdf | Final FilePath: 87654321/e0b91d29-9c49-411a-a60e-262da62c3e7b_Constancia_de_CUIL_1753864897286.pdf
2025-07-30 05:41:37.379 - ✅ [05:41:37.379] POST_PERSIST | ID: e0b91d29-9c49-411a-a60e-262da62c3e7b | Version: 0 | Archived: false | Info: FileName: Constancia de CUIL.pdf, PERSISTED
2025-07-30 05:41:51.473 - 💾 [REPO] BEFORE_MAPPING | ID: e0b91d29-9c49-411a-a60e-262da62c3e7b | Domain File: Constancia de CUIL.pdf | FilePath: 87654321\ARCHIVED_e0b91d29-9c49-411a-a60e-262da62c3e7b_CONSTANCIA_CUIL_20250730_054151.pdf | Caller: Unknown
2025-07-30 05:41:51.473 - 💾 [REPO] AFTER_MAPPING  | ID: e0b91d29-9c49-411a-a60e-262da62c3e7b | Entity Version: 0 | Entity File: Constancia de CUIL.pdf | Entity FilePath: 87654321\ARCHIVED_e0b91d29-9c49-411a-a60e-262da62c3e7b_CONSTANCIA_CUIL_20250730_054151.pdf
2025-07-30 05:41:51.473 - 💾 [REPO] AFTER_JPA_SAVE | ID: e0b91d29-9c49-411a-a60e-262da62c3e7b | Final Version: 0 | Final File: Constancia de CUIL.pdf | Final FilePath: 87654321\ARCHIVED_e0b91d29-9c49-411a-a60e-262da62c3e7b_CONSTANCIA_CUIL_20250730_054151.pdf
2025-07-30 05:41:51.474 - 🔄 [05:41:51.474] PRE_UPDATE   | ID: e0b91d29-9c49-411a-a60e-262da62c3e7b | Version: 0 | Archived: true | Info: FileName: Constancia de CUIL.pdf, UPDATE | Caller: DocumentEntity.debugPreUpdate:121
2025-07-30 05:41:51.476 - ✅ [05:41:51.476] POST_UPDATE  | ID: e0b91d29-9c49-411a-a60e-262da62c3e7b | Version: 1 | Archived: true | Info: FileName: Constancia de CUIL.pdf, UPDATED
2025-07-30 05:47:56.290 - 💾 [UPLOAD] BEFORE_SAVE_WITH_FILEPATH | ID: 57a0da53-706e-48d8-b666-c651368ab6f1 | FilePath: 87654321/57a0da53-706e-48d8-b666-c651368ab6f1_T_tulo_Universitario_y_Certificado_Anal_tico_1753865276285.pdf
2025-07-30 05:47:56.294 - 💾 [REPO] BEFORE_MAPPING | ID: 57a0da53-706e-48d8-b666-c651368ab6f1 | Domain File: Título Universitario y Certificado Analítico.pdf | FilePath: 87654321/57a0da53-706e-48d8-b666-c651368ab6f1_T_tulo_Universitario_y_Certificado_Anal_tico_1753865276285.pdf | Caller: Unknown
2025-07-30 05:47:56.294 - 💾 [REPO] AFTER_MAPPING  | ID: 57a0da53-706e-48d8-b666-c651368ab6f1 | Entity Version: 0 | Entity File: Título Universitario y Certificado Analítico.pdf | Entity FilePath: 87654321/57a0da53-706e-48d8-b666-c651368ab6f1_T_tulo_Universitario_y_Certificado_Anal_tico_1753865276285.pdf
2025-07-30 05:47:56.297 - 🔍 [05:47:56.297] PRE_PERSIST  | ID: 57a0da53-706e-48d8-b666-c651368ab6f1 | Version: 0 | Archived: false | Info: FileName: Título Universitario y Certificado Analítico.pdf, UploadDate: 2025-07-30T05:47:56.282563800 | Caller: DocumentEntity.debugPrePersist:101
2025-07-30 05:47:56.298 - 💾 [REPO] AFTER_JPA_SAVE | ID: 57a0da53-706e-48d8-b666-c651368ab6f1 | Final Version: 0 | Final File: Título Universitario y Certificado Analítico.pdf | Final FilePath: 87654321/57a0da53-706e-48d8-b666-c651368ab6f1_T_tulo_Universitario_y_Certificado_Anal_tico_1753865276285.pdf
2025-07-30 05:47:56.316 - ✅ [05:47:56.316] POST_PERSIST | ID: 57a0da53-706e-48d8-b666-c651368ab6f1 | Version: 0 | Archived: false | Info: FileName: Título Universitario y Certificado Analítico.pdf, PERSISTED
2025-07-30 05:48:08.477 - 💾 [REPO] BEFORE_MAPPING | ID: 57a0da53-706e-48d8-b666-c651368ab6f1 | Domain File: Título Universitario y Certificado Analítico.pdf | FilePath: 87654321\ARCHIVED_57a0da53-706e-48d8-b666-c651368ab6f1_TITULO_UNIVERSITARIO_Y_CERTIFICADO_ANALITICO_20250730_054808.pdf | Caller: Unknown
2025-07-30 05:48:08.477 - 💾 [REPO] AFTER_MAPPING  | ID: 57a0da53-706e-48d8-b666-c651368ab6f1 | Entity Version: 0 | Entity File: Título Universitario y Certificado Analítico.pdf | Entity FilePath: 87654321\ARCHIVED_57a0da53-706e-48d8-b666-c651368ab6f1_TITULO_UNIVERSITARIO_Y_CERTIFICADO_ANALITICO_20250730_054808.pdf
2025-07-30 05:48:08.477 - 💾 [REPO] AFTER_JPA_SAVE | ID: 57a0da53-706e-48d8-b666-c651368ab6f1 | Final Version: 0 | Final File: Título Universitario y Certificado Analítico.pdf | Final FilePath: 87654321\ARCHIVED_57a0da53-706e-48d8-b666-c651368ab6f1_TITULO_UNIVERSITARIO_Y_CERTIFICADO_ANALITICO_20250730_054808.pdf
2025-07-30 05:48:08.478 - 🔄 [05:48:08.478] PRE_UPDATE   | ID: 57a0da53-706e-48d8-b666-c651368ab6f1 | Version: 0 | Archived: true | Info: FileName: Título Universitario y Certificado Analítico.pdf, UPDATE | Caller: DocumentEntity.debugPreUpdate:121
2025-07-30 05:48:08.480 - ✅ [05:48:08.480] POST_UPDATE  | ID: 57a0da53-706e-48d8-b666-c651368ab6f1 | Version: 1 | Archived: true | Info: FileName: Título Universitario y Certificado Analítico.pdf, UPDATED
2025-07-31 11:18:04.902 - 💾 [UPLOAD] BEFORE_SAVE_WITH_FILEPATH | ID: 009917a0-051a-4d30-8d55-ba306be95e41 | FilePath: 33276793/009917a0-051a-4d30-8d55-ba306be95e41_Certificado_de_Antecedentes_Penales_1753960684887.pdf
2025-07-31 11:18:04.907 - 💾 [REPO] BEFORE_MAPPING | ID: 009917a0-051a-4d30-8d55-ba306be95e41 | Domain File: Certificado de Antecedentes Penales.pdf | FilePath: 33276793/009917a0-051a-4d30-8d55-ba306be95e41_Certificado_de_Antecedentes_Penales_1753960684887.pdf | Caller: Unknown
2025-07-31 11:18:04.907 - 💾 [REPO] AFTER_MAPPING  | ID: 009917a0-051a-4d30-8d55-ba306be95e41 | Entity Version: 0 | Entity File: Certificado de Antecedentes Penales.pdf | Entity FilePath: 33276793/009917a0-051a-4d30-8d55-ba306be95e41_Certificado_de_Antecedentes_Penales_1753960684887.pdf
2025-07-31 11:18:04.912 - 🔍 [11:18:04.911] PRE_PERSIST  | ID: 009917a0-051a-4d30-8d55-ba306be95e41 | Version: 0 | Archived: false | Info: FileName: Certificado de Antecedentes Penales.pdf, UploadDate: 2025-07-31T11:18:04.885496138 | Caller: DocumentEntity.debugPrePersist:101
2025-07-31 11:18:04.913 - 💾 [REPO] AFTER_JPA_SAVE | ID: 009917a0-051a-4d30-8d55-ba306be95e41 | Final Version: 0 | Final File: Certificado de Antecedentes Penales.pdf | Final FilePath: 33276793/009917a0-051a-4d30-8d55-ba306be95e41_Certificado_de_Antecedentes_Penales_1753960684887.pdf
2025-07-31 11:18:04.925 - ✅ [11:18:04.925] POST_PERSIST | ID: 009917a0-051a-4d30-8d55-ba306be95e41 | Version: 0 | Archived: false | Info: FileName: Certificado de Antecedentes Penales.pdf, PERSISTED
2025-07-31 11:20:06.859 - 💾 [UPLOAD] BEFORE_SAVE_WITH_FILEPATH | ID: 718015ab-c78f-4e67-b572-722841858cf9 | FilePath: 32029855/718015ab-c78f-4e67-b572-722841858cf9_Certificado_Ley_Micaela_1753960806858.pdf
2025-07-31 11:20:06.860 - 💾 [REPO] BEFORE_MAPPING | ID: 718015ab-c78f-4e67-b572-722841858cf9 | Domain File: Certificado Ley Micaela.pdf | FilePath: 32029855/718015ab-c78f-4e67-b572-722841858cf9_Certificado_Ley_Micaela_1753960806858.pdf | Caller: Unknown
2025-07-31 11:20:06.860 - 💾 [REPO] AFTER_MAPPING  | ID: 718015ab-c78f-4e67-b572-722841858cf9 | Entity Version: 0 | Entity File: Certificado Ley Micaela.pdf | Entity FilePath: 32029855/718015ab-c78f-4e67-b572-722841858cf9_Certificado_Ley_Micaela_1753960806858.pdf
2025-07-31 11:20:06.862 - 🔍 [11:20:06.861] PRE_PERSIST  | ID: 718015ab-c78f-4e67-b572-722841858cf9 | Version: 0 | Archived: false | Info: FileName: Certificado Ley Micaela.pdf, UploadDate: 2025-07-31T11:20:06.856973950 | Caller: DocumentEntity.debugPrePersist:101
2025-07-31 11:20:06.862 - 💾 [REPO] AFTER_JPA_SAVE | ID: 718015ab-c78f-4e67-b572-722841858cf9 | Final Version: 0 | Final File: Certificado Ley Micaela.pdf | Final FilePath: 32029855/718015ab-c78f-4e67-b572-722841858cf9_Certificado_Ley_Micaela_1753960806858.pdf
2025-07-31 11:20:06.866 - ✅ [11:20:06.866] POST_PERSIST | ID: 718015ab-c78f-4e67-b572-722841858cf9 | Version: 0 | Archived: false | Info: FileName: Certificado Ley Micaela.pdf, PERSISTED
2025-07-31 12:05:33.394 - 💾 [UPLOAD] BEFORE_SAVE_WITH_FILEPATH | ID: 658c25be-69fe-43d9-b811-a640f11cbf34 | FilePath: 35623424/658c25be-69fe-43d9-b811-a640f11cbf34_DNI__Dorso__1753963533393.pdf
2025-07-31 12:05:33.394 - 💾 [REPO] BEFORE_MAPPING | ID: 658c25be-69fe-43d9-b811-a640f11cbf34 | Domain File: DNI (Dorso).pdf | FilePath: 35623424/658c25be-69fe-43d9-b811-a640f11cbf34_DNI__Dorso__1753963533393.pdf | Caller: Unknown
2025-07-31 12:05:33.394 - 💾 [REPO] AFTER_MAPPING  | ID: 658c25be-69fe-43d9-b811-a640f11cbf34 | Entity Version: 0 | Entity File: DNI (Dorso).pdf | Entity FilePath: 35623424/658c25be-69fe-43d9-b811-a640f11cbf34_DNI__Dorso__1753963533393.pdf
2025-07-31 12:05:33.395 - 🔍 [12:05:33.395] PRE_PERSIST  | ID: 658c25be-69fe-43d9-b811-a640f11cbf34 | Version: 0 | Archived: false | Info: FileName: DNI (Dorso).pdf, UploadDate: 2025-07-31T12:05:33.392430397 | Caller: DocumentEntity.debugPrePersist:101
2025-07-31 12:05:33.395 - 💾 [REPO] AFTER_JPA_SAVE | ID: 658c25be-69fe-43d9-b811-a640f11cbf34 | Final Version: 0 | Final File: DNI (Dorso).pdf | Final FilePath: 35623424/658c25be-69fe-43d9-b811-a640f11cbf34_DNI__Dorso__1753963533393.pdf
2025-07-31 12:05:33.398 - ✅ [12:05:33.398] POST_PERSIST | ID: 658c25be-69fe-43d9-b811-a640f11cbf34 | Version: 0 | Archived: false | Info: FileName: DNI (Dorso).pdf, PERSISTED
2025-07-31 12:05:45.171 - 💾 [UPLOAD] BEFORE_SAVE_WITH_FILEPATH | ID: bf3ba3b8-3027-4454-adc5-e8e49b340c4d | FilePath: 35623424/bf3ba3b8-3027-4454-adc5-e8e49b340c4d_DNI__Frontal__1753963545170.pdf
2025-07-31 12:05:45.173 - 💾 [REPO] BEFORE_MAPPING | ID: bf3ba3b8-3027-4454-adc5-e8e49b340c4d | Domain File: DNI (Frontal).pdf | FilePath: 35623424/bf3ba3b8-3027-4454-adc5-e8e49b340c4d_DNI__Frontal__1753963545170.pdf | Caller: Unknown
2025-07-31 12:05:45.173 - 💾 [REPO] AFTER_MAPPING  | ID: bf3ba3b8-3027-4454-adc5-e8e49b340c4d | Entity Version: 0 | Entity File: DNI (Frontal).pdf | Entity FilePath: 35623424/bf3ba3b8-3027-4454-adc5-e8e49b340c4d_DNI__Frontal__1753963545170.pdf
2025-07-31 12:05:45.174 - 🔍 [12:05:45.174] PRE_PERSIST  | ID: bf3ba3b8-3027-4454-adc5-e8e49b340c4d | Version: 0 | Archived: false | Info: FileName: DNI (Frontal).pdf, UploadDate: 2025-07-31T12:05:45.168794305 | Caller: DocumentEntity.debugPrePersist:101
2025-07-31 12:05:45.174 - 💾 [REPO] AFTER_JPA_SAVE | ID: bf3ba3b8-3027-4454-adc5-e8e49b340c4d | Final Version: 0 | Final File: DNI (Frontal).pdf | Final FilePath: 35623424/bf3ba3b8-3027-4454-adc5-e8e49b340c4d_DNI__Frontal__1753963545170.pdf
2025-07-31 12:05:45.179 - ✅ [12:05:45.179] POST_PERSIST | ID: bf3ba3b8-3027-4454-adc5-e8e49b340c4d | Version: 0 | Archived: false | Info: FileName: DNI (Frontal).pdf, PERSISTED
2025-07-31 12:14:20.502 - 💾 [UPLOAD] BEFORE_SAVE_WITH_FILEPATH | ID: 092fc46f-d721-4218-867c-4c4f7992826f | FilePath: 29974686/092fc46f-d721-4218-867c-4c4f7992826f_Certificado_Sin_Sanciones_Disciplinarias_1753964060501.pdf
2025-07-31 12:14:20.503 - 💾 [REPO] BEFORE_MAPPING | ID: 092fc46f-d721-4218-867c-4c4f7992826f | Domain File: Certificado Sin Sanciones Disciplinarias.pdf | FilePath: 29974686/092fc46f-d721-4218-867c-4c4f7992826f_Certificado_Sin_Sanciones_Disciplinarias_1753964060501.pdf | Caller: Unknown
2025-07-31 12:14:20.503 - 💾 [REPO] AFTER_MAPPING  | ID: 092fc46f-d721-4218-867c-4c4f7992826f | Entity Version: 0 | Entity File: Certificado Sin Sanciones Disciplinarias.pdf | Entity FilePath: 29974686/092fc46f-d721-4218-867c-4c4f7992826f_Certificado_Sin_Sanciones_Disciplinarias_1753964060501.pdf
2025-07-31 12:14:20.504 - 🔍 [12:14:20.504] PRE_PERSIST  | ID: 092fc46f-d721-4218-867c-4c4f7992826f | Version: 0 | Archived: false | Info: FileName: Certificado Sin Sanciones Disciplinarias.pdf, UploadDate: 2025-07-31T12:14:20.501132116 | Caller: DocumentEntity.debugPrePersist:101
2025-07-31 12:14:20.504 - 💾 [REPO] AFTER_JPA_SAVE | ID: 092fc46f-d721-4218-867c-4c4f7992826f | Final Version: 0 | Final File: Certificado Sin Sanciones Disciplinarias.pdf | Final FilePath: 29974686/092fc46f-d721-4218-867c-4c4f7992826f_Certificado_Sin_Sanciones_Disciplinarias_1753964060501.pdf
2025-07-31 12:14:20.507 - ✅ [12:14:20.507] POST_PERSIST | ID: 092fc46f-d721-4218-867c-4c4f7992826f | Version: 0 | Archived: false | Info: FileName: Certificado Sin Sanciones Disciplinarias.pdf, PERSISTED
2025-07-31 12:14:37.418 - 💾 [UPLOAD] BEFORE_SAVE_WITH_FILEPATH | ID: a183c654-8da2-4294-9387-04dd1b436a8a | FilePath: 29648679/a183c654-8da2-4294-9387-04dd1b436a8a_Certificado_de_Antig_edad_Profesional_1753964077417.pdf
2025-07-31 12:14:37.423 - 💾 [REPO] BEFORE_MAPPING | ID: a183c654-8da2-4294-9387-04dd1b436a8a | Domain File: Certificado de Antigüedad Profesional.pdf | FilePath: 29648679/a183c654-8da2-4294-9387-04dd1b436a8a_Certificado_de_Antig_edad_Profesional_1753964077417.pdf | Caller: Unknown
2025-07-31 12:14:37.423 - 💾 [REPO] AFTER_MAPPING  | ID: a183c654-8da2-4294-9387-04dd1b436a8a | Entity Version: 0 | Entity File: Certificado de Antigüedad Profesional.pdf | Entity FilePath: 29648679/a183c654-8da2-4294-9387-04dd1b436a8a_Certificado_de_Antig_edad_Profesional_1753964077417.pdf
2025-07-31 12:14:37.424 - 🔍 [12:14:37.424] PRE_PERSIST  | ID: a183c654-8da2-4294-9387-04dd1b436a8a | Version: 0 | Archived: false | Info: FileName: Certificado de Antigüedad Profesional.pdf, UploadDate: 2025-07-31T12:14:37.416649454 | Caller: DocumentEntity.debugPrePersist:101
2025-07-31 12:14:37.424 - 💾 [REPO] AFTER_JPA_SAVE | ID: a183c654-8da2-4294-9387-04dd1b436a8a | Final Version: 0 | Final File: Certificado de Antigüedad Profesional.pdf | Final FilePath: 29648679/a183c654-8da2-4294-9387-04dd1b436a8a_Certificado_de_Antig_edad_Profesional_1753964077417.pdf
2025-07-31 12:14:37.427 - ✅ [12:14:37.427] POST_PERSIST | ID: a183c654-8da2-4294-9387-04dd1b436a8a | Version: 0 | Archived: false | Info: FileName: Certificado de Antigüedad Profesional.pdf, PERSISTED
2025-07-31 12:15:20.311 - 💾 [UPLOAD] BEFORE_SAVE_WITH_FILEPATH | ID: b71e567c-f3af-4e85-89e6-d416fe3af3b0 | FilePath: 29648679/b71e567c-f3af-4e85-89e6-d416fe3af3b0_Certificado_Sin_Sanciones_Disciplinarias_1753964120311.pdf
2025-07-31 12:15:20.312 - 💾 [REPO] BEFORE_MAPPING | ID: b71e567c-f3af-4e85-89e6-d416fe3af3b0 | Domain File: Certificado Sin Sanciones Disciplinarias.pdf | FilePath: 29648679/b71e567c-f3af-4e85-89e6-d416fe3af3b0_Certificado_Sin_Sanciones_Disciplinarias_1753964120311.pdf | Caller: Unknown
2025-07-31 12:15:20.312 - 💾 [REPO] AFTER_MAPPING  | ID: b71e567c-f3af-4e85-89e6-d416fe3af3b0 | Entity Version: 0 | Entity File: Certificado Sin Sanciones Disciplinarias.pdf | Entity FilePath: 29648679/b71e567c-f3af-4e85-89e6-d416fe3af3b0_Certificado_Sin_Sanciones_Disciplinarias_1753964120311.pdf
2025-07-31 12:15:20.313 - 🔍 [12:15:20.313] PRE_PERSIST  | ID: b71e567c-f3af-4e85-89e6-d416fe3af3b0 | Version: 0 | Archived: false | Info: FileName: Certificado Sin Sanciones Disciplinarias.pdf, UploadDate: 2025-07-31T12:15:20.310501969 | Caller: DocumentEntity.debugPrePersist:101
2025-07-31 12:15:20.313 - 💾 [REPO] AFTER_JPA_SAVE | ID: b71e567c-f3af-4e85-89e6-d416fe3af3b0 | Final Version: 0 | Final File: Certificado Sin Sanciones Disciplinarias.pdf | Final FilePath: 29648679/b71e567c-f3af-4e85-89e6-d416fe3af3b0_Certificado_Sin_Sanciones_Disciplinarias_1753964120311.pdf
2025-07-31 12:15:20.316 - ✅ [12:15:20.316] POST_PERSIST | ID: b71e567c-f3af-4e85-89e6-d416fe3af3b0 | Version: 0 | Archived: false | Info: FileName: Certificado Sin Sanciones Disciplinarias.pdf, PERSISTED
2025-07-31 12:20:50.737 - 💾 [REPO] BEFORE_MAPPING | ID: 11c49ee1-ac64-45c9-97f9-ad9c69de6262 | Domain File: Certificado de Antecedentes Penales.pdf | FilePath: 29974686/ARCHIVED_11c49ee1-ac64-45c9-97f9-ad9c69de6262_ANTECEDENTES_PENALES_20250731_122050.pdf | Caller: Unknown
2025-07-31 12:20:50.737 - 💾 [REPO] AFTER_MAPPING  | ID: 11c49ee1-ac64-45c9-97f9-ad9c69de6262 | Entity Version: 0 | Entity File: Certificado de Antecedentes Penales.pdf | Entity FilePath: 29974686/ARCHIVED_11c49ee1-ac64-45c9-97f9-ad9c69de6262_ANTECEDENTES_PENALES_20250731_122050.pdf
2025-07-31 12:20:50.738 - 💾 [REPO] AFTER_JPA_SAVE | ID: 11c49ee1-ac64-45c9-97f9-ad9c69de6262 | Final Version: 0 | Final File: Certificado de Antecedentes Penales.pdf | Final FilePath: 29974686/ARCHIVED_11c49ee1-ac64-45c9-97f9-ad9c69de6262_ANTECEDENTES_PENALES_20250731_122050.pdf
2025-07-31 12:20:50.739 - 🔄 [12:20:50.738] PRE_UPDATE   | ID: 11c49ee1-ac64-45c9-97f9-ad9c69de6262 | Version: 0 | Archived: true | Info: FileName: Certificado de Antecedentes Penales.pdf, UPDATE | Caller: DocumentEntity.debugPreUpdate:121
2025-07-31 12:20:50.740 - ✅ [12:20:50.740] POST_UPDATE  | ID: 11c49ee1-ac64-45c9-97f9-ad9c69de6262 | Version: 1 | Archived: true | Info: FileName: Certificado de Antecedentes Penales.pdf, UPDATED
2025-07-31 12:21:17.735 - 💾 [UPLOAD] BEFORE_SAVE_WITH_FILEPATH | ID: dc504715-fa4a-44cb-bba6-8d47bd18ef31 | FilePath: 29974686/dc504715-fa4a-44cb-bba6-8d47bd18ef31_Certificado_de_Antecedentes_Penales_1753964477734.pdf
2025-07-31 12:21:17.735 - 💾 [REPO] BEFORE_MAPPING | ID: dc504715-fa4a-44cb-bba6-8d47bd18ef31 | Domain File: Certificado de Antecedentes Penales.pdf | FilePath: 29974686/dc504715-fa4a-44cb-bba6-8d47bd18ef31_Certificado_de_Antecedentes_Penales_1753964477734.pdf | Caller: Unknown
2025-07-31 12:21:17.735 - 💾 [REPO] AFTER_MAPPING  | ID: dc504715-fa4a-44cb-bba6-8d47bd18ef31 | Entity Version: 0 | Entity File: Certificado de Antecedentes Penales.pdf | Entity FilePath: 29974686/dc504715-fa4a-44cb-bba6-8d47bd18ef31_Certificado_de_Antecedentes_Penales_1753964477734.pdf
2025-07-31 12:21:17.736 - 🔍 [12:21:17.736] PRE_PERSIST  | ID: dc504715-fa4a-44cb-bba6-8d47bd18ef31 | Version: 0 | Archived: false | Info: FileName: Certificado de Antecedentes Penales.pdf, UploadDate: 2025-07-31T12:21:17.733529474 | Caller: DocumentEntity.debugPrePersist:101
2025-07-31 12:21:17.736 - 💾 [REPO] AFTER_JPA_SAVE | ID: dc504715-fa4a-44cb-bba6-8d47bd18ef31 | Final Version: 0 | Final File: Certificado de Antecedentes Penales.pdf | Final FilePath: 29974686/dc504715-fa4a-44cb-bba6-8d47bd18ef31_Certificado_de_Antecedentes_Penales_1753964477734.pdf
2025-07-31 12:21:17.739 - ✅ [12:21:17.739] POST_PERSIST | ID: dc504715-fa4a-44cb-bba6-8d47bd18ef31 | Version: 0 | Archived: false | Info: FileName: Certificado de Antecedentes Penales.pdf, PERSISTED
2025-07-31 12:21:18.960 - 💾 [UPLOAD] BEFORE_SAVE_WITH_FILEPATH | ID: 5b45ceb2-b73a-4004-bc63-fdcbb4973561 | FilePath: 32168781/5b45ceb2-b73a-4004-bc63-fdcbb4973561_DNI__Dorso__1753964478959.pdf
2025-07-31 12:21:18.960 - 💾 [REPO] BEFORE_MAPPING | ID: 5b45ceb2-b73a-4004-bc63-fdcbb4973561 | Domain File: DNI (Dorso).pdf | FilePath: 32168781/5b45ceb2-b73a-4004-bc63-fdcbb4973561_DNI__Dorso__1753964478959.pdf | Caller: Unknown
2025-07-31 12:21:18.960 - 💾 [REPO] AFTER_MAPPING  | ID: 5b45ceb2-b73a-4004-bc63-fdcbb4973561 | Entity Version: 0 | Entity File: DNI (Dorso).pdf | Entity FilePath: 32168781/5b45ceb2-b73a-4004-bc63-fdcbb4973561_DNI__Dorso__1753964478959.pdf
2025-07-31 12:21:18.961 - 🔍 [12:21:18.961] PRE_PERSIST  | ID: 5b45ceb2-b73a-4004-bc63-fdcbb4973561 | Version: 0 | Archived: false | Info: FileName: DNI (Dorso).pdf, UploadDate: 2025-07-31T12:21:18.958796637 | Caller: DocumentEntity.debugPrePersist:101
2025-07-31 12:21:18.961 - 💾 [REPO] AFTER_JPA_SAVE | ID: 5b45ceb2-b73a-4004-bc63-fdcbb4973561 | Final Version: 0 | Final File: DNI (Dorso).pdf | Final FilePath: 32168781/5b45ceb2-b73a-4004-bc63-fdcbb4973561_DNI__Dorso__1753964478959.pdf
2025-07-31 12:21:18.964 - ✅ [12:21:18.964] POST_PERSIST | ID: 5b45ceb2-b73a-4004-bc63-fdcbb4973561 | Version: 0 | Archived: false | Info: FileName: DNI (Dorso).pdf, PERSISTED
2025-07-31 12:21:36.385 - 💾 [UPLOAD] BEFORE_SAVE_WITH_FILEPATH | ID: 90927176-54df-4689-8c31-b530cb37fa8b | FilePath: 32168781/90927176-54df-4689-8c31-b530cb37fa8b_DNI__Frontal__1753964496384.pdf
2025-07-31 12:21:36.386 - 💾 [REPO] BEFORE_MAPPING | ID: 90927176-54df-4689-8c31-b530cb37fa8b | Domain File: DNI (Frontal).pdf | FilePath: 32168781/90927176-54df-4689-8c31-b530cb37fa8b_DNI__Frontal__1753964496384.pdf | Caller: Unknown
2025-07-31 12:21:36.386 - 💾 [REPO] AFTER_MAPPING  | ID: 90927176-54df-4689-8c31-b530cb37fa8b | Entity Version: 0 | Entity File: DNI (Frontal).pdf | Entity FilePath: 32168781/90927176-54df-4689-8c31-b530cb37fa8b_DNI__Frontal__1753964496384.pdf
2025-07-31 12:21:36.387 - 🔍 [12:21:36.387] PRE_PERSIST  | ID: 90927176-54df-4689-8c31-b530cb37fa8b | Version: 0 | Archived: false | Info: FileName: DNI (Frontal).pdf, UploadDate: 2025-07-31T12:21:36.383714616 | Caller: DocumentEntity.debugPrePersist:101
2025-07-31 12:21:36.387 - 💾 [REPO] AFTER_JPA_SAVE | ID: 90927176-54df-4689-8c31-b530cb37fa8b | Final Version: 0 | Final File: DNI (Frontal).pdf | Final FilePath: 32168781/90927176-54df-4689-8c31-b530cb37fa8b_DNI__Frontal__1753964496384.pdf
2025-07-31 12:21:36.393 - ✅ [12:21:36.393] POST_PERSIST | ID: 90927176-54df-4689-8c31-b530cb37fa8b | Version: 0 | Archived: false | Info: FileName: DNI (Frontal).pdf, PERSISTED
2025-07-31 12:38:17.173 - 💾 [UPLOAD] BEFORE_SAVE_WITH_FILEPATH | ID: d167c0a4-a545-4414-aa42-7f134bf94a1c | FilePath: 29974686/d167c0a4-a545-4414-aa42-7f134bf94a1c_Certificado_Ley_Micaela_1753965497172.pdf
2025-07-31 12:38:17.173 - 💾 [REPO] BEFORE_MAPPING | ID: d167c0a4-a545-4414-aa42-7f134bf94a1c | Domain File: Certificado Ley Micaela.pdf | FilePath: 29974686/d167c0a4-a545-4414-aa42-7f134bf94a1c_Certificado_Ley_Micaela_1753965497172.pdf | Caller: Unknown
2025-07-31 12:38:17.173 - 💾 [REPO] AFTER_MAPPING  | ID: d167c0a4-a545-4414-aa42-7f134bf94a1c | Entity Version: 0 | Entity File: Certificado Ley Micaela.pdf | Entity FilePath: 29974686/d167c0a4-a545-4414-aa42-7f134bf94a1c_Certificado_Ley_Micaela_1753965497172.pdf
2025-07-31 12:38:17.174 - 🔍 [12:38:17.174] PRE_PERSIST  | ID: d167c0a4-a545-4414-aa42-7f134bf94a1c | Version: 0 | Archived: false | Info: FileName: Certificado Ley Micaela.pdf, UploadDate: 2025-07-31T12:38:17.171855633 | Caller: DocumentEntity.debugPrePersist:101
2025-07-31 12:38:17.174 - 💾 [REPO] AFTER_JPA_SAVE | ID: d167c0a4-a545-4414-aa42-7f134bf94a1c | Final Version: 0 | Final File: Certificado Ley Micaela.pdf | Final FilePath: 29974686/d167c0a4-a545-4414-aa42-7f134bf94a1c_Certificado_Ley_Micaela_1753965497172.pdf
2025-07-31 12:38:17.179 - ✅ [12:38:17.179] POST_PERSIST | ID: d167c0a4-a545-4414-aa42-7f134bf94a1c | Version: 0 | Archived: false | Info: FileName: Certificado Ley Micaela.pdf, PERSISTED
2025-07-31 12:39:42.995 - 💾 [UPLOAD] BEFORE_SAVE_WITH_FILEPATH | ID: 248d5b1b-c3c6-4327-88ad-3a7948be12cc | FilePath: 29648679/248d5b1b-c3c6-4327-88ad-3a7948be12cc_T_tulo_Universitario_y_Certificado_Anal_tico_1753965582994.pdf
2025-07-31 12:39:42.996 - 💾 [REPO] BEFORE_MAPPING | ID: 248d5b1b-c3c6-4327-88ad-3a7948be12cc | Domain File: Título Universitario y Certificado Analítico.pdf | FilePath: 29648679/248d5b1b-c3c6-4327-88ad-3a7948be12cc_T_tulo_Universitario_y_Certificado_Anal_tico_1753965582994.pdf | Caller: Unknown
2025-07-31 12:39:42.996 - 💾 [REPO] AFTER_MAPPING  | ID: 248d5b1b-c3c6-4327-88ad-3a7948be12cc | Entity Version: 0 | Entity File: Título Universitario y Certificado Analítico.pdf | Entity FilePath: 29648679/248d5b1b-c3c6-4327-88ad-3a7948be12cc_T_tulo_Universitario_y_Certificado_Anal_tico_1753965582994.pdf
2025-07-31 12:39:42.997 - 🔍 [12:39:42.997] PRE_PERSIST  | ID: 248d5b1b-c3c6-4327-88ad-3a7948be12cc | Version: 0 | Archived: false | Info: FileName: Título Universitario y Certificado Analítico.pdf, UploadDate: 2025-07-31T12:39:42.993711861 | Caller: DocumentEntity.debugPrePersist:101
2025-07-31 12:39:42.997 - 💾 [REPO] AFTER_JPA_SAVE | ID: 248d5b1b-c3c6-4327-88ad-3a7948be12cc | Final Version: 0 | Final File: Título Universitario y Certificado Analítico.pdf | Final FilePath: 29648679/248d5b1b-c3c6-4327-88ad-3a7948be12cc_T_tulo_Universitario_y_Certificado_Anal_tico_1753965582994.pdf
2025-07-31 12:39:43.001 - ✅ [12:39:43.001] POST_PERSIST | ID: 248d5b1b-c3c6-4327-88ad-3a7948be12cc | Version: 0 | Archived: false | Info: FileName: Título Universitario y Certificado Analítico.pdf, PERSISTED
2025-07-31 12:41:06.404 - 💾 [UPLOAD] BEFORE_SAVE_WITH_FILEPATH | ID: ffae5856-2762-4b86-a649-065b80516438 | FilePath: 29648679/ffae5856-2762-4b86-a649-065b80516438_Certificado_Ley_Micaela_1753965666404.pdf
2025-07-31 12:41:06.405 - 💾 [REPO] BEFORE_MAPPING | ID: ffae5856-2762-4b86-a649-065b80516438 | Domain File: Certificado Ley Micaela.pdf | FilePath: 29648679/ffae5856-2762-4b86-a649-065b80516438_Certificado_Ley_Micaela_1753965666404.pdf | Caller: Unknown
2025-07-31 12:41:06.405 - 💾 [REPO] AFTER_MAPPING  | ID: ffae5856-2762-4b86-a649-065b80516438 | Entity Version: 0 | Entity File: Certificado Ley Micaela.pdf | Entity FilePath: 29648679/ffae5856-2762-4b86-a649-065b80516438_Certificado_Ley_Micaela_1753965666404.pdf
2025-07-31 12:41:06.406 - 🔍 [12:41:06.406] PRE_PERSIST  | ID: ffae5856-2762-4b86-a649-065b80516438 | Version: 0 | Archived: false | Info: FileName: Certificado Ley Micaela.pdf, UploadDate: 2025-07-31T12:41:06.403738507 | Caller: DocumentEntity.debugPrePersist:101
2025-07-31 12:41:06.407 - 💾 [REPO] AFTER_JPA_SAVE | ID: ffae5856-2762-4b86-a649-065b80516438 | Final Version: 0 | Final File: Certificado Ley Micaela.pdf | Final FilePath: 29648679/ffae5856-2762-4b86-a649-065b80516438_Certificado_Ley_Micaela_1753965666404.pdf
2025-07-31 12:41:06.409 - ✅ [12:41:06.409] POST_PERSIST | ID: ffae5856-2762-4b86-a649-065b80516438 | Version: 0 | Archived: false | Info: FileName: Certificado Ley Micaela.pdf, PERSISTED
2025-07-31 12:45:13.713 - 💾 [UPLOAD] BEFORE_SAVE_WITH_FILEPATH | ID: f3178e01-4442-4045-ba37-83110587a038 | FilePath: 29648679/f3178e01-4442-4045-ba37-83110587a038_DNI__Dorso__1753965913712.pdf
2025-07-31 12:45:13.715 - 💾 [REPO] BEFORE_MAPPING | ID: f3178e01-4442-4045-ba37-83110587a038 | Domain File: DNI (Dorso).pdf | FilePath: 29648679/f3178e01-4442-4045-ba37-83110587a038_DNI__Dorso__1753965913712.pdf | Caller: Unknown
2025-07-31 12:45:13.715 - 💾 [REPO] AFTER_MAPPING  | ID: f3178e01-4442-4045-ba37-83110587a038 | Entity Version: 0 | Entity File: DNI (Dorso).pdf | Entity FilePath: 29648679/f3178e01-4442-4045-ba37-83110587a038_DNI__Dorso__1753965913712.pdf
2025-07-31 12:45:13.717 - 🔍 [12:45:13.717] PRE_PERSIST  | ID: f3178e01-4442-4045-ba37-83110587a038 | Version: 0 | Archived: false | Info: FileName: DNI (Dorso).pdf, UploadDate: 2025-07-31T12:45:13.711683513 | Caller: DocumentEntity.debugPrePersist:101
2025-07-31 12:45:13.717 - 💾 [REPO] AFTER_JPA_SAVE | ID: f3178e01-4442-4045-ba37-83110587a038 | Final Version: 0 | Final File: DNI (Dorso).pdf | Final FilePath: 29648679/f3178e01-4442-4045-ba37-83110587a038_DNI__Dorso__1753965913712.pdf
2025-07-31 12:45:13.722 - ✅ [12:45:13.722] POST_PERSIST | ID: f3178e01-4442-4045-ba37-83110587a038 | Version: 0 | Archived: false | Info: FileName: DNI (Dorso).pdf, PERSISTED
2025-07-31 12:45:39.242 - 💾 [UPLOAD] BEFORE_SAVE_WITH_FILEPATH | ID: a2bd9c2b-4232-4eb4-93ef-c25d4db72fdc | FilePath: 29648679/a2bd9c2b-4232-4eb4-93ef-c25d4db72fdc_DNI__Frontal__1753965939241.pdf
2025-07-31 12:45:39.243 - 💾 [REPO] BEFORE_MAPPING | ID: a2bd9c2b-4232-4eb4-93ef-c25d4db72fdc | Domain File: DNI (Frontal).pdf | FilePath: 29648679/a2bd9c2b-4232-4eb4-93ef-c25d4db72fdc_DNI__Frontal__1753965939241.pdf | Caller: Unknown
2025-07-31 12:45:39.243 - 💾 [REPO] AFTER_MAPPING  | ID: a2bd9c2b-4232-4eb4-93ef-c25d4db72fdc | Entity Version: 0 | Entity File: DNI (Frontal).pdf | Entity FilePath: 29648679/a2bd9c2b-4232-4eb4-93ef-c25d4db72fdc_DNI__Frontal__1753965939241.pdf
2025-07-31 12:45:39.244 - 🔍 [12:45:39.243] PRE_PERSIST  | ID: a2bd9c2b-4232-4eb4-93ef-c25d4db72fdc | Version: 0 | Archived: false | Info: FileName: DNI (Frontal).pdf, UploadDate: 2025-07-31T12:45:39.241085384 | Caller: DocumentEntity.debugPrePersist:101
2025-07-31 12:45:39.244 - 💾 [REPO] AFTER_JPA_SAVE | ID: a2bd9c2b-4232-4eb4-93ef-c25d4db72fdc | Final Version: 0 | Final File: DNI (Frontal).pdf | Final FilePath: 29648679/a2bd9c2b-4232-4eb4-93ef-c25d4db72fdc_DNI__Frontal__1753965939241.pdf
2025-07-31 12:45:39.247 - ✅ [12:45:39.247] POST_PERSIST | ID: a2bd9c2b-4232-4eb4-93ef-c25d4db72fdc | Version: 0 | Archived: false | Info: FileName: DNI (Frontal).pdf, PERSISTED
2025-07-31 12:48:05.489 - 💾 [UPLOAD] BEFORE_SAVE_WITH_FILEPATH | ID: 3ffaf682-9260-4174-ace4-d6575b6fd6bf | FilePath: 29648679/3ffaf682-9260-4174-ace4-d6575b6fd6bf_Constancia_de_CUIL_1753966085489.pdf
2025-07-31 12:48:05.490 - 💾 [REPO] BEFORE_MAPPING | ID: 3ffaf682-9260-4174-ace4-d6575b6fd6bf | Domain File: Constancia de CUIL.pdf | FilePath: 29648679/3ffaf682-9260-4174-ace4-d6575b6fd6bf_Constancia_de_CUIL_1753966085489.pdf | Caller: Unknown
2025-07-31 12:48:05.490 - 💾 [REPO] AFTER_MAPPING  | ID: 3ffaf682-9260-4174-ace4-d6575b6fd6bf | Entity Version: 0 | Entity File: Constancia de CUIL.pdf | Entity FilePath: 29648679/3ffaf682-9260-4174-ace4-d6575b6fd6bf_Constancia_de_CUIL_1753966085489.pdf
2025-07-31 12:48:05.491 - 🔍 [12:48:05.491] PRE_PERSIST  | ID: 3ffaf682-9260-4174-ace4-d6575b6fd6bf | Version: 0 | Archived: false | Info: FileName: Constancia de CUIL.pdf, UploadDate: 2025-07-31T12:48:05.488646783 | Caller: DocumentEntity.debugPrePersist:101
2025-07-31 12:48:05.491 - 💾 [REPO] AFTER_JPA_SAVE | ID: 3ffaf682-9260-4174-ace4-d6575b6fd6bf | Final Version: 0 | Final File: Constancia de CUIL.pdf | Final FilePath: 29648679/3ffaf682-9260-4174-ace4-d6575b6fd6bf_Constancia_de_CUIL_1753966085489.pdf
2025-07-31 12:48:05.494 - ✅ [12:48:05.494] POST_PERSIST | ID: 3ffaf682-9260-4174-ace4-d6575b6fd6bf | Version: 0 | Archived: false | Info: FileName: Constancia de CUIL.pdf, PERSISTED
2025-07-31 12:52:35.693 - 💾 [UPLOAD] BEFORE_SAVE_WITH_FILEPATH | ID: a341186d-e90d-485f-a4d8-6f5eb7f836ec | FilePath: 29648679/a341186d-e90d-485f-a4d8-6f5eb7f836ec_Documento_Adicional_1753966355692.pdf
2025-07-31 12:52:35.694 - 💾 [REPO] BEFORE_MAPPING | ID: a341186d-e90d-485f-a4d8-6f5eb7f836ec | Domain File: Documento Adicional.pdf | FilePath: 29648679/a341186d-e90d-485f-a4d8-6f5eb7f836ec_Documento_Adicional_1753966355692.pdf | Caller: Unknown
2025-07-31 12:52:35.694 - 💾 [REPO] AFTER_MAPPING  | ID: a341186d-e90d-485f-a4d8-6f5eb7f836ec | Entity Version: 0 | Entity File: Documento Adicional.pdf | Entity FilePath: 29648679/a341186d-e90d-485f-a4d8-6f5eb7f836ec_Documento_Adicional_1753966355692.pdf
2025-07-31 12:52:35.695 - 🔍 [12:52:35.694] PRE_PERSIST  | ID: a341186d-e90d-485f-a4d8-6f5eb7f836ec | Version: 0 | Archived: false | Info: FileName: Documento Adicional.pdf, UploadDate: 2025-07-31T12:52:35.692102322 | Caller: DocumentEntity.debugPrePersist:101
2025-07-31 12:52:35.695 - 💾 [REPO] AFTER_JPA_SAVE | ID: a341186d-e90d-485f-a4d8-6f5eb7f836ec | Final Version: 0 | Final File: Documento Adicional.pdf | Final FilePath: 29648679/a341186d-e90d-485f-a4d8-6f5eb7f836ec_Documento_Adicional_1753966355692.pdf
2025-07-31 12:52:35.713 - ✅ [12:52:35.713] POST_PERSIST | ID: a341186d-e90d-485f-a4d8-6f5eb7f836ec | Version: 0 | Archived: false | Info: FileName: Documento Adicional.pdf, PERSISTED
2025-07-31 13:24:11.146 - 💾 [UPLOAD] BEFORE_SAVE_WITH_FILEPATH | ID: 881ed318-8eb9-4fdb-8155-5665d1f0b583 | FilePath: 32168781/881ed318-8eb9-4fdb-8155-5665d1f0b583_Constancia_de_CUIL_1753968251146.pdf
2025-07-31 13:24:11.148 - 💾 [REPO] BEFORE_MAPPING | ID: 881ed318-8eb9-4fdb-8155-5665d1f0b583 | Domain File: Constancia de CUIL.pdf | FilePath: 32168781/881ed318-8eb9-4fdb-8155-5665d1f0b583_Constancia_de_CUIL_1753968251146.pdf | Caller: Unknown
2025-07-31 13:24:11.148 - 💾 [REPO] AFTER_MAPPING  | ID: 881ed318-8eb9-4fdb-8155-5665d1f0b583 | Entity Version: 0 | Entity File: Constancia de CUIL.pdf | Entity FilePath: 32168781/881ed318-8eb9-4fdb-8155-5665d1f0b583_Constancia_de_CUIL_1753968251146.pdf
2025-07-31 13:24:11.149 - 🔍 [13:24:11.149] PRE_PERSIST  | ID: 881ed318-8eb9-4fdb-8155-5665d1f0b583 | Version: 0 | Archived: false | Info: FileName: Constancia de CUIL.pdf, UploadDate: 2025-07-31T13:24:11.145009900 | Caller: DocumentEntity.debugPrePersist:101
2025-07-31 13:24:11.149 - 💾 [REPO] AFTER_JPA_SAVE | ID: 881ed318-8eb9-4fdb-8155-5665d1f0b583 | Final Version: 0 | Final File: Constancia de CUIL.pdf | Final FilePath: 32168781/881ed318-8eb9-4fdb-8155-5665d1f0b583_Constancia_de_CUIL_1753968251146.pdf
2025-07-31 13:24:11.154 - ✅ [13:24:11.154] POST_PERSIST | ID: 881ed318-8eb9-4fdb-8155-5665d1f0b583 | Version: 0 | Archived: false | Info: FileName: Constancia de CUIL.pdf, PERSISTED
2025-07-31 13:25:34.651 - 💾 [UPLOAD] BEFORE_SAVE_WITH_FILEPATH | ID: ae6c50ee-3464-4b5b-ac6f-ccabf612b35d | FilePath: 87654321/ae6c50ee-3464-4b5b-ac6f-ccabf612b35d_T_tulo_Universitario_y_Certificado_Anal_tico_1753968334651.pdf
2025-07-31 13:25:34.653 - 💾 [REPO] BEFORE_MAPPING | ID: ae6c50ee-3464-4b5b-ac6f-ccabf612b35d | Domain File: Título Universitario y Certificado Analítico.pdf | FilePath: 87654321/ae6c50ee-3464-4b5b-ac6f-ccabf612b35d_T_tulo_Universitario_y_Certificado_Anal_tico_1753968334651.pdf | Caller: Unknown
2025-07-31 13:25:34.653 - 💾 [REPO] AFTER_MAPPING  | ID: ae6c50ee-3464-4b5b-ac6f-ccabf612b35d | Entity Version: 0 | Entity File: Título Universitario y Certificado Analítico.pdf | Entity FilePath: 87654321/ae6c50ee-3464-4b5b-ac6f-ccabf612b35d_T_tulo_Universitario_y_Certificado_Anal_tico_1753968334651.pdf
2025-07-31 13:25:34.654 - 🔍 [13:25:34.653] PRE_PERSIST  | ID: ae6c50ee-3464-4b5b-ac6f-ccabf612b35d | Version: 0 | Archived: false | Info: FileName: Título Universitario y Certificado Analítico.pdf, UploadDate: 2025-07-31T13:25:34.649945014 | Caller: DocumentEntity.debugPrePersist:101
2025-07-31 13:25:34.654 - 💾 [REPO] AFTER_JPA_SAVE | ID: ae6c50ee-3464-4b5b-ac6f-ccabf612b35d | Final Version: 0 | Final File: Título Universitario y Certificado Analítico.pdf | Final FilePath: 87654321/ae6c50ee-3464-4b5b-ac6f-ccabf612b35d_T_tulo_Universitario_y_Certificado_Anal_tico_1753968334651.pdf
2025-07-31 13:25:34.658 - ✅ [13:25:34.658] POST_PERSIST | ID: ae6c50ee-3464-4b5b-ac6f-ccabf612b35d | Version: 0 | Archived: false | Info: FileName: Título Universitario y Certificado Analítico.pdf, PERSISTED
2025-07-31 13:25:46.202 - 💾 [REPO] BEFORE_MAPPING | ID: ae6c50ee-3464-4b5b-ac6f-ccabf612b35d | Domain File: Título Universitario y Certificado Analítico.pdf | FilePath: 87654321/ARCHIVED_ae6c50ee-3464-4b5b-ac6f-ccabf612b35d_TITULO_UNIVERSITARIO_Y_CERTIFICADO_ANALITICO_20250731_132546.pdf | Caller: Unknown
2025-07-31 13:25:46.202 - 💾 [REPO] AFTER_MAPPING  | ID: ae6c50ee-3464-4b5b-ac6f-ccabf612b35d | Entity Version: 0 | Entity File: Título Universitario y Certificado Analítico.pdf | Entity FilePath: 87654321/ARCHIVED_ae6c50ee-3464-4b5b-ac6f-ccabf612b35d_TITULO_UNIVERSITARIO_Y_CERTIFICADO_ANALITICO_20250731_132546.pdf
2025-07-31 13:25:46.203 - 💾 [REPO] AFTER_JPA_SAVE | ID: ae6c50ee-3464-4b5b-ac6f-ccabf612b35d | Final Version: 0 | Final File: Título Universitario y Certificado Analítico.pdf | Final FilePath: 87654321/ARCHIVED_ae6c50ee-3464-4b5b-ac6f-ccabf612b35d_TITULO_UNIVERSITARIO_Y_CERTIFICADO_ANALITICO_20250731_132546.pdf
2025-07-31 13:25:46.203 - 🔄 [13:25:46.203] PRE_UPDATE   | ID: ae6c50ee-3464-4b5b-ac6f-ccabf612b35d | Version: 0 | Archived: true | Info: FileName: Título Universitario y Certificado Analítico.pdf, UPDATE | Caller: DocumentEntity.debugPreUpdate:121
2025-07-31 13:25:46.204 - ✅ [13:25:46.204] POST_UPDATE  | ID: ae6c50ee-3464-4b5b-ac6f-ccabf612b35d | Version: 1 | Archived: true | Info: FileName: Título Universitario y Certificado Analítico.pdf, UPDATED
2025-07-31 14:08:55.657 - 💾 [UPLOAD] BEFORE_SAVE_WITH_FILEPATH | ID: be95d9c9-a3c4-4f22-a974-771d21a432ae | FilePath: 32316274/be95d9c9-a3c4-4f22-a974-771d21a432ae_DNI__Dorso__1753970935656.pdf
2025-07-31 14:08:55.658 - 💾 [REPO] BEFORE_MAPPING | ID: be95d9c9-a3c4-4f22-a974-771d21a432ae | Domain File: DNI (Dorso).pdf | FilePath: 32316274/be95d9c9-a3c4-4f22-a974-771d21a432ae_DNI__Dorso__1753970935656.pdf | Caller: Unknown
2025-07-31 14:08:55.658 - 💾 [REPO] AFTER_MAPPING  | ID: be95d9c9-a3c4-4f22-a974-771d21a432ae | Entity Version: 0 | Entity File: DNI (Dorso).pdf | Entity FilePath: 32316274/be95d9c9-a3c4-4f22-a974-771d21a432ae_DNI__Dorso__1753970935656.pdf
2025-07-31 14:08:55.659 - 🔍 [14:08:55.658] PRE_PERSIST  | ID: be95d9c9-a3c4-4f22-a974-771d21a432ae | Version: 0 | Archived: false | Info: FileName: DNI (Dorso).pdf, UploadDate: 2025-07-31T14:08:55.655683285 | Caller: DocumentEntity.debugPrePersist:101
2025-07-31 14:08:55.659 - 💾 [REPO] AFTER_JPA_SAVE | ID: be95d9c9-a3c4-4f22-a974-771d21a432ae | Final Version: 0 | Final File: DNI (Dorso).pdf | Final FilePath: 32316274/be95d9c9-a3c4-4f22-a974-771d21a432ae_DNI__Dorso__1753970935656.pdf
2025-07-31 14:08:55.662 - ✅ [14:08:55.662] POST_PERSIST | ID: be95d9c9-a3c4-4f22-a974-771d21a432ae | Version: 0 | Archived: false | Info: FileName: DNI (Dorso).pdf, PERSISTED
2025-07-31 14:09:04.123 - 💾 [UPLOAD] BEFORE_SAVE_WITH_FILEPATH | ID: 3c52d267-ce1a-487f-8d1f-c08a3e563c44 | FilePath: 32316274/3c52d267-ce1a-487f-8d1f-c08a3e563c44_DNI__Frontal__1753970944122.pdf
2025-07-31 14:09:04.124 - 💾 [REPO] BEFORE_MAPPING | ID: 3c52d267-ce1a-487f-8d1f-c08a3e563c44 | Domain File: DNI (Frontal).pdf | FilePath: 32316274/3c52d267-ce1a-487f-8d1f-c08a3e563c44_DNI__Frontal__1753970944122.pdf | Caller: Unknown
2025-07-31 14:09:04.124 - 💾 [REPO] AFTER_MAPPING  | ID: 3c52d267-ce1a-487f-8d1f-c08a3e563c44 | Entity Version: 0 | Entity File: DNI (Frontal).pdf | Entity FilePath: 32316274/3c52d267-ce1a-487f-8d1f-c08a3e563c44_DNI__Frontal__1753970944122.pdf
2025-07-31 14:09:04.125 - 🔍 [14:09:04.124] PRE_PERSIST  | ID: 3c52d267-ce1a-487f-8d1f-c08a3e563c44 | Version: 0 | Archived: false | Info: FileName: DNI (Frontal).pdf, UploadDate: 2025-07-31T14:09:04.121281757 | Caller: DocumentEntity.debugPrePersist:101
2025-07-31 14:09:04.125 - 💾 [REPO] AFTER_JPA_SAVE | ID: 3c52d267-ce1a-487f-8d1f-c08a3e563c44 | Final Version: 0 | Final File: DNI (Frontal).pdf | Final FilePath: 32316274/3c52d267-ce1a-487f-8d1f-c08a3e563c44_DNI__Frontal__1753970944122.pdf
2025-07-31 14:09:04.128 - ✅ [14:09:04.128] POST_PERSIST | ID: 3c52d267-ce1a-487f-8d1f-c08a3e563c44 | Version: 0 | Archived: false | Info: FileName: DNI (Frontal).pdf, PERSISTED
2025-07-31 14:10:54.623 - 💾 [UPLOAD] BEFORE_SAVE_WITH_FILEPATH | ID: 98cb334e-762a-4649-a128-8b3c28d3dfd3 | FilePath: 32316274/98cb334e-762a-4649-a128-8b3c28d3dfd3_Constancia_de_CUIL_1753971054622.pdf
2025-07-31 14:10:54.623 - 💾 [REPO] BEFORE_MAPPING | ID: 98cb334e-762a-4649-a128-8b3c28d3dfd3 | Domain File: Constancia de CUIL.pdf | FilePath: 32316274/98cb334e-762a-4649-a128-8b3c28d3dfd3_Constancia_de_CUIL_1753971054622.pdf | Caller: Unknown
2025-07-31 14:10:54.623 - 💾 [REPO] AFTER_MAPPING  | ID: 98cb334e-762a-4649-a128-8b3c28d3dfd3 | Entity Version: 0 | Entity File: Constancia de CUIL.pdf | Entity FilePath: 32316274/98cb334e-762a-4649-a128-8b3c28d3dfd3_Constancia_de_CUIL_1753971054622.pdf
2025-07-31 14:10:54.624 - 🔍 [14:10:54.624] PRE_PERSIST  | ID: 98cb334e-762a-4649-a128-8b3c28d3dfd3 | Version: 0 | Archived: false | Info: FileName: Constancia de CUIL.pdf, UploadDate: 2025-07-31T14:10:54.621522941 | Caller: DocumentEntity.debugPrePersist:101
2025-07-31 14:10:54.624 - 💾 [REPO] AFTER_JPA_SAVE | ID: 98cb334e-762a-4649-a128-8b3c28d3dfd3 | Final Version: 0 | Final File: Constancia de CUIL.pdf | Final FilePath: 32316274/98cb334e-762a-4649-a128-8b3c28d3dfd3_Constancia_de_CUIL_1753971054622.pdf
2025-07-31 14:10:54.627 - ✅ [14:10:54.627] POST_PERSIST | ID: 98cb334e-762a-4649-a128-8b3c28d3dfd3 | Version: 0 | Archived: false | Info: FileName: Constancia de CUIL.pdf, PERSISTED
2025-07-31 14:12:36.674 - 💾 [UPLOAD] BEFORE_SAVE_WITH_FILEPATH | ID: 243ad3ad-84e5-444e-8643-12146da54190 | FilePath: 32316274/243ad3ad-84e5-444e-8643-12146da54190_Certificado_de_Antecedentes_Penales_1753971156673.pdf
2025-07-31 14:12:36.675 - 💾 [REPO] BEFORE_MAPPING | ID: 243ad3ad-84e5-444e-8643-12146da54190 | Domain File: Certificado de Antecedentes Penales.pdf | FilePath: 32316274/243ad3ad-84e5-444e-8643-12146da54190_Certificado_de_Antecedentes_Penales_1753971156673.pdf | Caller: Unknown
2025-07-31 14:12:36.676 - 💾 [REPO] AFTER_MAPPING  | ID: 243ad3ad-84e5-444e-8643-12146da54190 | Entity Version: 0 | Entity File: Certificado de Antecedentes Penales.pdf | Entity FilePath: 32316274/243ad3ad-84e5-444e-8643-12146da54190_Certificado_de_Antecedentes_Penales_1753971156673.pdf
2025-07-31 14:12:36.676 - 🔍 [14:12:36.676] PRE_PERSIST  | ID: 243ad3ad-84e5-444e-8643-12146da54190 | Version: 0 | Archived: false | Info: FileName: Certificado de Antecedentes Penales.pdf, UploadDate: 2025-07-31T14:12:36.673220132 | Caller: DocumentEntity.debugPrePersist:101
2025-07-31 14:12:36.676 - 💾 [REPO] AFTER_JPA_SAVE | ID: 243ad3ad-84e5-444e-8643-12146da54190 | Final Version: 0 | Final File: Certificado de Antecedentes Penales.pdf | Final FilePath: 32316274/243ad3ad-84e5-444e-8643-12146da54190_Certificado_de_Antecedentes_Penales_1753971156673.pdf
2025-07-31 14:12:36.679 - ✅ [14:12:36.679] POST_PERSIST | ID: 243ad3ad-84e5-444e-8643-12146da54190 | Version: 0 | Archived: false | Info: FileName: Certificado de Antecedentes Penales.pdf, PERSISTED
2025-07-31 14:15:13.556 - 💾 [UPLOAD] BEFORE_SAVE_WITH_FILEPATH | ID: c547dc2b-72dc-4bd7-a090-d7b01e8bf079 | FilePath: 41252371/c547dc2b-72dc-4bd7-a090-d7b01e8bf079_DNI__Dorso__1753971313555.pdf
2025-07-31 14:15:13.557 - 💾 [REPO] BEFORE_MAPPING | ID: c547dc2b-72dc-4bd7-a090-d7b01e8bf079 | Domain File: DNI (Dorso).pdf | FilePath: 41252371/c547dc2b-72dc-4bd7-a090-d7b01e8bf079_DNI__Dorso__1753971313555.pdf | Caller: Unknown
2025-07-31 14:15:13.557 - 💾 [REPO] AFTER_MAPPING  | ID: c547dc2b-72dc-4bd7-a090-d7b01e8bf079 | Entity Version: 0 | Entity File: DNI (Dorso).pdf | Entity FilePath: 41252371/c547dc2b-72dc-4bd7-a090-d7b01e8bf079_DNI__Dorso__1753971313555.pdf
2025-07-31 14:15:13.557 - 🔍 [14:15:13.557] PRE_PERSIST  | ID: c547dc2b-72dc-4bd7-a090-d7b01e8bf079 | Version: 0 | Archived: false | Info: FileName: DNI (Dorso).pdf, UploadDate: 2025-07-31T14:15:13.555074580 | Caller: DocumentEntity.debugPrePersist:101
2025-07-31 14:15:13.558 - 💾 [REPO] AFTER_JPA_SAVE | ID: c547dc2b-72dc-4bd7-a090-d7b01e8bf079 | Final Version: 0 | Final File: DNI (Dorso).pdf | Final FilePath: 41252371/c547dc2b-72dc-4bd7-a090-d7b01e8bf079_DNI__Dorso__1753971313555.pdf
2025-07-31 14:15:13.560 - ✅ [14:15:13.560] POST_PERSIST | ID: c547dc2b-72dc-4bd7-a090-d7b01e8bf079 | Version: 0 | Archived: false | Info: FileName: DNI (Dorso).pdf, PERSISTED
2025-07-31 14:15:50.257 - 💾 [UPLOAD] BEFORE_SAVE_WITH_FILEPATH | ID: 16f9a43c-2ef8-4382-9521-6c6b8d1df6d7 | FilePath: 41252371/16f9a43c-2ef8-4382-9521-6c6b8d1df6d7_Constancia_de_CUIL_1753971350257.pdf
2025-07-31 14:15:50.259 - 💾 [REPO] BEFORE_MAPPING | ID: 16f9a43c-2ef8-4382-9521-6c6b8d1df6d7 | Domain File: Constancia de CUIL.pdf | FilePath: 41252371/16f9a43c-2ef8-4382-9521-6c6b8d1df6d7_Constancia_de_CUIL_1753971350257.pdf | Caller: Unknown
2025-07-31 14:15:50.259 - 💾 [REPO] AFTER_MAPPING  | ID: 16f9a43c-2ef8-4382-9521-6c6b8d1df6d7 | Entity Version: 0 | Entity File: Constancia de CUIL.pdf | Entity FilePath: 41252371/16f9a43c-2ef8-4382-9521-6c6b8d1df6d7_Constancia_de_CUIL_1753971350257.pdf
2025-07-31 14:15:50.260 - 🔍 [14:15:50.260] PRE_PERSIST  | ID: 16f9a43c-2ef8-4382-9521-6c6b8d1df6d7 | Version: 0 | Archived: false | Info: FileName: Constancia de CUIL.pdf, UploadDate: 2025-07-31T14:15:50.256201346 | Caller: DocumentEntity.debugPrePersist:101
2025-07-31 14:15:50.260 - 💾 [REPO] AFTER_JPA_SAVE | ID: 16f9a43c-2ef8-4382-9521-6c6b8d1df6d7 | Final Version: 0 | Final File: Constancia de CUIL.pdf | Final FilePath: 41252371/16f9a43c-2ef8-4382-9521-6c6b8d1df6d7_Constancia_de_CUIL_1753971350257.pdf
2025-07-31 14:15:50.264 - ✅ [14:15:50.264] POST_PERSIST | ID: 16f9a43c-2ef8-4382-9521-6c6b8d1df6d7 | Version: 0 | Archived: false | Info: FileName: Constancia de CUIL.pdf, PERSISTED
2025-07-31 14:16:37.927 - 💾 [UPLOAD] BEFORE_SAVE_WITH_FILEPATH | ID: ff23579b-dbba-4c0b-89b6-b1334ce8e738 | FilePath: 41252371/ff23579b-dbba-4c0b-89b6-b1334ce8e738_DNI__Frontal__1753971397927.pdf
2025-07-31 14:16:37.928 - 💾 [REPO] BEFORE_MAPPING | ID: ff23579b-dbba-4c0b-89b6-b1334ce8e738 | Domain File: DNI (Frontal).pdf | FilePath: 41252371/ff23579b-dbba-4c0b-89b6-b1334ce8e738_DNI__Frontal__1753971397927.pdf | Caller: Unknown
2025-07-31 14:16:37.928 - 💾 [REPO] AFTER_MAPPING  | ID: ff23579b-dbba-4c0b-89b6-b1334ce8e738 | Entity Version: 0 | Entity File: DNI (Frontal).pdf | Entity FilePath: 41252371/ff23579b-dbba-4c0b-89b6-b1334ce8e738_DNI__Frontal__1753971397927.pdf
2025-07-31 14:16:37.928 - 🔍 [14:16:37.928] PRE_PERSIST  | ID: ff23579b-dbba-4c0b-89b6-b1334ce8e738 | Version: 0 | Archived: false | Info: FileName: DNI (Frontal).pdf, UploadDate: 2025-07-31T14:16:37.926490813 | Caller: DocumentEntity.debugPrePersist:101
2025-07-31 14:16:37.928 - 💾 [REPO] AFTER_JPA_SAVE | ID: ff23579b-dbba-4c0b-89b6-b1334ce8e738 | Final Version: 0 | Final File: DNI (Frontal).pdf | Final FilePath: 41252371/ff23579b-dbba-4c0b-89b6-b1334ce8e738_DNI__Frontal__1753971397927.pdf
2025-07-31 14:16:37.930 - ✅ [14:16:37.930] POST_PERSIST | ID: ff23579b-dbba-4c0b-89b6-b1334ce8e738 | Version: 0 | Archived: false | Info: FileName: DNI (Frontal).pdf, PERSISTED
2025-07-31 14:19:44.022 - 💾 [UPLOAD] BEFORE_SAVE_WITH_FILEPATH | ID: ca08bcd8-0172-4096-b335-6b0bea8a3f84 | FilePath: 41252371/ca08bcd8-0172-4096-b335-6b0bea8a3f84_Certificado_de_Antecedentes_Penales_1753971584021.pdf
2025-07-31 14:19:44.023 - 💾 [REPO] BEFORE_MAPPING | ID: ca08bcd8-0172-4096-b335-6b0bea8a3f84 | Domain File: Certificado de Antecedentes Penales.pdf | FilePath: 41252371/ca08bcd8-0172-4096-b335-6b0bea8a3f84_Certificado_de_Antecedentes_Penales_1753971584021.pdf | Caller: Unknown
2025-07-31 14:19:44.023 - 💾 [REPO] AFTER_MAPPING  | ID: ca08bcd8-0172-4096-b335-6b0bea8a3f84 | Entity Version: 0 | Entity File: Certificado de Antecedentes Penales.pdf | Entity FilePath: 41252371/ca08bcd8-0172-4096-b335-6b0bea8a3f84_Certificado_de_Antecedentes_Penales_1753971584021.pdf
2025-07-31 14:19:44.024 - 🔍 [14:19:44.023] PRE_PERSIST  | ID: ca08bcd8-0172-4096-b335-6b0bea8a3f84 | Version: 0 | Archived: false | Info: FileName: Certificado de Antecedentes Penales.pdf, UploadDate: 2025-07-31T14:19:44.021244257 | Caller: DocumentEntity.debugPrePersist:101
2025-07-31 14:19:44.024 - 💾 [REPO] AFTER_JPA_SAVE | ID: ca08bcd8-0172-4096-b335-6b0bea8a3f84 | Final Version: 0 | Final File: Certificado de Antecedentes Penales.pdf | Final FilePath: 41252371/ca08bcd8-0172-4096-b335-6b0bea8a3f84_Certificado_de_Antecedentes_Penales_1753971584021.pdf
2025-07-31 14:19:44.026 - ✅ [14:19:44.026] POST_PERSIST | ID: ca08bcd8-0172-4096-b335-6b0bea8a3f84 | Version: 0 | Archived: false | Info: FileName: Certificado de Antecedentes Penales.pdf, PERSISTED
2025-07-31 14:28:46.759 - 💾 [UPLOAD] BEFORE_SAVE_WITH_FILEPATH | ID: 9ee3bd9d-9b11-4835-baf5-0138e3dc66ad | FilePath: 24817510/9ee3bd9d-9b11-4835-baf5-0138e3dc66ad_DNI__Dorso__1753972126759.pdf
2025-07-31 14:28:46.763 - 💾 [REPO] BEFORE_MAPPING | ID: 9ee3bd9d-9b11-4835-baf5-0138e3dc66ad | Domain File: DNI (Dorso).pdf | FilePath: 24817510/9ee3bd9d-9b11-4835-baf5-0138e3dc66ad_DNI__Dorso__1753972126759.pdf | Caller: Unknown
2025-07-31 14:28:46.763 - 💾 [REPO] AFTER_MAPPING  | ID: 9ee3bd9d-9b11-4835-baf5-0138e3dc66ad | Entity Version: 0 | Entity File: DNI (Dorso).pdf | Entity FilePath: 24817510/9ee3bd9d-9b11-4835-baf5-0138e3dc66ad_DNI__Dorso__1753972126759.pdf
2025-07-31 14:28:46.764 - 🔍 [14:28:46.763] PRE_PERSIST  | ID: 9ee3bd9d-9b11-4835-baf5-0138e3dc66ad | Version: 0 | Archived: false | Info: FileName: DNI (Dorso).pdf, UploadDate: 2025-07-31T14:28:46.757841462 | Caller: DocumentEntity.debugPrePersist:101
2025-07-31 14:28:46.764 - 💾 [REPO] AFTER_JPA_SAVE | ID: 9ee3bd9d-9b11-4835-baf5-0138e3dc66ad | Final Version: 0 | Final File: DNI (Dorso).pdf | Final FilePath: 24817510/9ee3bd9d-9b11-4835-baf5-0138e3dc66ad_DNI__Dorso__1753972126759.pdf
2025-07-31 14:28:46.767 - ✅ [14:28:46.767] POST_PERSIST | ID: 9ee3bd9d-9b11-4835-baf5-0138e3dc66ad | Version: 0 | Archived: false | Info: FileName: DNI (Dorso).pdf, PERSISTED
2025-07-31 14:29:15.759 - 💾 [UPLOAD] BEFORE_SAVE_WITH_FILEPATH | ID: a7dc3752-bb67-41f3-896a-aa7180a921b6 | FilePath: 24817510/a7dc3752-bb67-41f3-896a-aa7180a921b6_Certificado_de_Antig_edad_Profesional_1753972155758.pdf
2025-07-31 14:29:15.760 - 💾 [REPO] BEFORE_MAPPING | ID: a7dc3752-bb67-41f3-896a-aa7180a921b6 | Domain File: Certificado de Antigüedad Profesional.pdf | FilePath: 24817510/a7dc3752-bb67-41f3-896a-aa7180a921b6_Certificado_de_Antig_edad_Profesional_1753972155758.pdf | Caller: Unknown
2025-07-31 14:29:15.760 - 💾 [REPO] AFTER_MAPPING  | ID: a7dc3752-bb67-41f3-896a-aa7180a921b6 | Entity Version: 0 | Entity File: Certificado de Antigüedad Profesional.pdf | Entity FilePath: 24817510/a7dc3752-bb67-41f3-896a-aa7180a921b6_Certificado_de_Antig_edad_Profesional_1753972155758.pdf
2025-07-31 14:29:15.762 - 🔍 [14:29:15.762] PRE_PERSIST  | ID: a7dc3752-bb67-41f3-896a-aa7180a921b6 | Version: 0 | Archived: false | Info: FileName: Certificado de Antigüedad Profesional.pdf, UploadDate: 2025-07-31T14:29:15.757262083 | Caller: DocumentEntity.debugPrePersist:101
2025-07-31 14:29:15.763 - 💾 [REPO] AFTER_JPA_SAVE | ID: a7dc3752-bb67-41f3-896a-aa7180a921b6 | Final Version: 0 | Final File: Certificado de Antigüedad Profesional.pdf | Final FilePath: 24817510/a7dc3752-bb67-41f3-896a-aa7180a921b6_Certificado_de_Antig_edad_Profesional_1753972155758.pdf
2025-07-31 14:29:15.768 - ✅ [14:29:15.767] POST_PERSIST | ID: a7dc3752-bb67-41f3-896a-aa7180a921b6 | Version: 0 | Archived: false | Info: FileName: Certificado de Antigüedad Profesional.pdf, PERSISTED
2025-07-31 14:29:46.504 - 💾 [UPLOAD] BEFORE_SAVE_WITH_FILEPATH | ID: c580cb30-6fd3-4f53-97ee-496c79d5520c | FilePath: 24817510/c580cb30-6fd3-4f53-97ee-496c79d5520c_Constancia_de_CUIL_1753972186504.pdf
2025-07-31 14:29:46.505 - 💾 [REPO] BEFORE_MAPPING | ID: c580cb30-6fd3-4f53-97ee-496c79d5520c | Domain File: Constancia de CUIL.pdf | FilePath: 24817510/c580cb30-6fd3-4f53-97ee-496c79d5520c_Constancia_de_CUIL_1753972186504.pdf | Caller: Unknown
2025-07-31 14:29:46.505 - 💾 [REPO] AFTER_MAPPING  | ID: c580cb30-6fd3-4f53-97ee-496c79d5520c | Entity Version: 0 | Entity File: Constancia de CUIL.pdf | Entity FilePath: 24817510/c580cb30-6fd3-4f53-97ee-496c79d5520c_Constancia_de_CUIL_1753972186504.pdf
2025-07-31 14:29:46.506 - 🔍 [14:29:46.506] PRE_PERSIST  | ID: c580cb30-6fd3-4f53-97ee-496c79d5520c | Version: 0 | Archived: false | Info: FileName: Constancia de CUIL.pdf, UploadDate: 2025-07-31T14:29:46.504060934 | Caller: DocumentEntity.debugPrePersist:101
2025-07-31 14:29:46.506 - 💾 [REPO] AFTER_JPA_SAVE | ID: c580cb30-6fd3-4f53-97ee-496c79d5520c | Final Version: 0 | Final File: Constancia de CUIL.pdf | Final FilePath: 24817510/c580cb30-6fd3-4f53-97ee-496c79d5520c_Constancia_de_CUIL_1753972186504.pdf
2025-07-31 14:29:46.508 - ✅ [14:29:46.508] POST_PERSIST | ID: c580cb30-6fd3-4f53-97ee-496c79d5520c | Version: 0 | Archived: false | Info: FileName: Constancia de CUIL.pdf, PERSISTED
2025-07-31 14:30:07.458 - 💾 [UPLOAD] BEFORE_SAVE_WITH_FILEPATH | ID: ba368677-502f-4a46-a733-7b23f9ddd846 | FilePath: 24817510/ba368677-502f-4a46-a733-7b23f9ddd846_DNI__Frontal__1753972207457.pdf
2025-07-31 14:30:07.459 - 💾 [REPO] BEFORE_MAPPING | ID: ba368677-502f-4a46-a733-7b23f9ddd846 | Domain File: DNI (Frontal).pdf | FilePath: 24817510/ba368677-502f-4a46-a733-7b23f9ddd846_DNI__Frontal__1753972207457.pdf | Caller: Unknown
2025-07-31 14:30:07.459 - 💾 [REPO] AFTER_MAPPING  | ID: ba368677-502f-4a46-a733-7b23f9ddd846 | Entity Version: 0 | Entity File: DNI (Frontal).pdf | Entity FilePath: 24817510/ba368677-502f-4a46-a733-7b23f9ddd846_DNI__Frontal__1753972207457.pdf
2025-07-31 14:30:07.459 - 🔍 [14:30:07.459] PRE_PERSIST  | ID: ba368677-502f-4a46-a733-7b23f9ddd846 | Version: 0 | Archived: false | Info: FileName: DNI (Frontal).pdf, UploadDate: 2025-07-31T14:30:07.456459950 | Caller: DocumentEntity.debugPrePersist:101
2025-07-31 14:30:07.460 - 💾 [REPO] AFTER_JPA_SAVE | ID: ba368677-502f-4a46-a733-7b23f9ddd846 | Final Version: 0 | Final File: DNI (Frontal).pdf | Final FilePath: 24817510/ba368677-502f-4a46-a733-7b23f9ddd846_DNI__Frontal__1753972207457.pdf
2025-07-31 14:30:07.462 - ✅ [14:30:07.462] POST_PERSIST | ID: ba368677-502f-4a46-a733-7b23f9ddd846 | Version: 0 | Archived: false | Info: FileName: DNI (Frontal).pdf, PERSISTED
2025-07-31 14:30:35.238 - 💾 [UPLOAD] BEFORE_SAVE_WITH_FILEPATH | ID: a83bbd7b-e001-410f-bc42-5ffcb69bb182 | FilePath: 24817510/a83bbd7b-e001-410f-bc42-5ffcb69bb182_Certificado_Sin_Sanciones_Disciplinarias_1753972235236.pdf
2025-07-31 14:30:35.239 - 💾 [REPO] BEFORE_MAPPING | ID: a83bbd7b-e001-410f-bc42-5ffcb69bb182 | Domain File: Certificado Sin Sanciones Disciplinarias.pdf | FilePath: 24817510/a83bbd7b-e001-410f-bc42-5ffcb69bb182_Certificado_Sin_Sanciones_Disciplinarias_1753972235236.pdf | Caller: Unknown
2025-07-31 14:30:35.239 - 💾 [REPO] AFTER_MAPPING  | ID: a83bbd7b-e001-410f-bc42-5ffcb69bb182 | Entity Version: 0 | Entity File: Certificado Sin Sanciones Disciplinarias.pdf | Entity FilePath: 24817510/a83bbd7b-e001-410f-bc42-5ffcb69bb182_Certificado_Sin_Sanciones_Disciplinarias_1753972235236.pdf
2025-07-31 14:30:35.240 - 🔍 [14:30:35.240] PRE_PERSIST  | ID: a83bbd7b-e001-410f-bc42-5ffcb69bb182 | Version: 0 | Archived: false | Info: FileName: Certificado Sin Sanciones Disciplinarias.pdf, UploadDate: 2025-07-31T14:30:35.235545374 | Caller: DocumentEntity.debugPrePersist:101
2025-07-31 14:30:35.240 - 💾 [REPO] AFTER_JPA_SAVE | ID: a83bbd7b-e001-410f-bc42-5ffcb69bb182 | Final Version: 0 | Final File: Certificado Sin Sanciones Disciplinarias.pdf | Final FilePath: 24817510/a83bbd7b-e001-410f-bc42-5ffcb69bb182_Certificado_Sin_Sanciones_Disciplinarias_1753972235236.pdf
2025-07-31 14:30:35.244 - ✅ [14:30:35.244] POST_PERSIST | ID: a83bbd7b-e001-410f-bc42-5ffcb69bb182 | Version: 0 | Archived: false | Info: FileName: Certificado Sin Sanciones Disciplinarias.pdf, PERSISTED
2025-07-31 14:31:06.120 - 💾 [UPLOAD] BEFORE_SAVE_WITH_FILEPATH | ID: c4f11480-9bfd-4ea7-abaa-b4e16b68f608 | FilePath: 24817510/c4f11480-9bfd-4ea7-abaa-b4e16b68f608_Certificado_Ley_Micaela_1753972266120.pdf
2025-07-31 14:31:06.121 - 💾 [REPO] BEFORE_MAPPING | ID: c4f11480-9bfd-4ea7-abaa-b4e16b68f608 | Domain File: Certificado Ley Micaela.pdf | FilePath: 24817510/c4f11480-9bfd-4ea7-abaa-b4e16b68f608_Certificado_Ley_Micaela_1753972266120.pdf | Caller: Unknown
2025-07-31 14:31:06.121 - 💾 [REPO] AFTER_MAPPING  | ID: c4f11480-9bfd-4ea7-abaa-b4e16b68f608 | Entity Version: 0 | Entity File: Certificado Ley Micaela.pdf | Entity FilePath: 24817510/c4f11480-9bfd-4ea7-abaa-b4e16b68f608_Certificado_Ley_Micaela_1753972266120.pdf
2025-07-31 14:31:06.122 - 🔍 [14:31:06.121] PRE_PERSIST  | ID: c4f11480-9bfd-4ea7-abaa-b4e16b68f608 | Version: 0 | Archived: false | Info: FileName: Certificado Ley Micaela.pdf, UploadDate: 2025-07-31T14:31:06.119394 | Caller: DocumentEntity.debugPrePersist:101
2025-07-31 14:31:06.122 - 💾 [REPO] AFTER_JPA_SAVE | ID: c4f11480-9bfd-4ea7-abaa-b4e16b68f608 | Final Version: 0 | Final File: Certificado Ley Micaela.pdf | Final FilePath: 24817510/c4f11480-9bfd-4ea7-abaa-b4e16b68f608_Certificado_Ley_Micaela_1753972266120.pdf
2025-07-31 14:31:06.124 - ✅ [14:31:06.124] POST_PERSIST | ID: c4f11480-9bfd-4ea7-abaa-b4e16b68f608 | Version: 0 | Archived: false | Info: FileName: Certificado Ley Micaela.pdf, PERSISTED
2025-07-31 14:32:33.046 - 💾 [UPLOAD] BEFORE_SAVE_WITH_FILEPATH | ID: 1d207e51-ca9f-4c7f-81c4-ffd1cbe4de24 | FilePath: 31037002/1d207e51-ca9f-4c7f-81c4-ffd1cbe4de24_Certificado_Ley_Micaela_1753972353045.pdf
2025-07-31 14:32:33.047 - 💾 [REPO] BEFORE_MAPPING | ID: 1d207e51-ca9f-4c7f-81c4-ffd1cbe4de24 | Domain File: Certificado Ley Micaela.pdf | FilePath: 31037002/1d207e51-ca9f-4c7f-81c4-ffd1cbe4de24_Certificado_Ley_Micaela_1753972353045.pdf | Caller: Unknown
2025-07-31 14:32:33.047 - 💾 [REPO] AFTER_MAPPING  | ID: 1d207e51-ca9f-4c7f-81c4-ffd1cbe4de24 | Entity Version: 0 | Entity File: Certificado Ley Micaela.pdf | Entity FilePath: 31037002/1d207e51-ca9f-4c7f-81c4-ffd1cbe4de24_Certificado_Ley_Micaela_1753972353045.pdf
2025-07-31 14:32:33.048 - 🔍 [14:32:33.047] PRE_PERSIST  | ID: 1d207e51-ca9f-4c7f-81c4-ffd1cbe4de24 | Version: 0 | Archived: false | Info: FileName: Certificado Ley Micaela.pdf, UploadDate: 2025-07-31T14:32:33.045008547 | Caller: DocumentEntity.debugPrePersist:101
2025-07-31 14:32:33.048 - 💾 [REPO] AFTER_JPA_SAVE | ID: 1d207e51-ca9f-4c7f-81c4-ffd1cbe4de24 | Final Version: 0 | Final File: Certificado Ley Micaela.pdf | Final FilePath: 31037002/1d207e51-ca9f-4c7f-81c4-ffd1cbe4de24_Certificado_Ley_Micaela_1753972353045.pdf
2025-07-31 14:32:33.050 - ✅ [14:32:33.050] POST_PERSIST | ID: 1d207e51-ca9f-4c7f-81c4-ffd1cbe4de24 | Version: 0 | Archived: false | Info: FileName: Certificado Ley Micaela.pdf, PERSISTED
2025-07-31 14:33:01.164 - 💾 [UPLOAD] BEFORE_SAVE_WITH_FILEPATH | ID: 136c3a67-5ae6-4a40-85c0-bb06d8147b6c | FilePath: 34807993/136c3a67-5ae6-4a40-85c0-bb06d8147b6c_DNI__Dorso__1753972381163.pdf
2025-07-31 14:33:01.164 - 💾 [REPO] BEFORE_MAPPING | ID: 136c3a67-5ae6-4a40-85c0-bb06d8147b6c | Domain File: DNI (Dorso).pdf | FilePath: 34807993/136c3a67-5ae6-4a40-85c0-bb06d8147b6c_DNI__Dorso__1753972381163.pdf | Caller: Unknown
2025-07-31 14:33:01.164 - 💾 [REPO] AFTER_MAPPING  | ID: 136c3a67-5ae6-4a40-85c0-bb06d8147b6c | Entity Version: 0 | Entity File: DNI (Dorso).pdf | Entity FilePath: 34807993/136c3a67-5ae6-4a40-85c0-bb06d8147b6c_DNI__Dorso__1753972381163.pdf
2025-07-31 14:33:01.166 - 🔍 [14:33:01.166] PRE_PERSIST  | ID: 136c3a67-5ae6-4a40-85c0-bb06d8147b6c | Version: 0 | Archived: false | Info: FileName: DNI (Dorso).pdf, UploadDate: 2025-07-31T14:33:01.162765485 | Caller: DocumentEntity.debugPrePersist:101
2025-07-31 14:33:01.166 - 💾 [REPO] AFTER_JPA_SAVE | ID: 136c3a67-5ae6-4a40-85c0-bb06d8147b6c | Final Version: 0 | Final File: DNI (Dorso).pdf | Final FilePath: 34807993/136c3a67-5ae6-4a40-85c0-bb06d8147b6c_DNI__Dorso__1753972381163.pdf
2025-07-31 14:33:01.171 - ✅ [14:33:01.171] POST_PERSIST | ID: 136c3a67-5ae6-4a40-85c0-bb06d8147b6c | Version: 0 | Archived: false | Info: FileName: DNI (Dorso).pdf, PERSISTED
2025-07-31 14:33:11.936 - 💾 [UPLOAD] BEFORE_SAVE_WITH_FILEPATH | ID: d5d26835-deae-45ae-9643-a0c5f594a4ca | FilePath: 34807993/d5d26835-deae-45ae-9643-a0c5f594a4ca_DNI__Frontal__1753972391935.pdf
2025-07-31 14:33:11.936 - 💾 [REPO] BEFORE_MAPPING | ID: d5d26835-deae-45ae-9643-a0c5f594a4ca | Domain File: DNI (Frontal).pdf | FilePath: 34807993/d5d26835-deae-45ae-9643-a0c5f594a4ca_DNI__Frontal__1753972391935.pdf | Caller: Unknown
2025-07-31 14:33:11.936 - 💾 [REPO] AFTER_MAPPING  | ID: d5d26835-deae-45ae-9643-a0c5f594a4ca | Entity Version: 0 | Entity File: DNI (Frontal).pdf | Entity FilePath: 34807993/d5d26835-deae-45ae-9643-a0c5f594a4ca_DNI__Frontal__1753972391935.pdf
2025-07-31 14:33:11.937 - 🔍 [14:33:11.937] PRE_PERSIST  | ID: d5d26835-deae-45ae-9643-a0c5f594a4ca | Version: 0 | Archived: false | Info: FileName: DNI (Frontal).pdf, UploadDate: 2025-07-31T14:33:11.934808478 | Caller: DocumentEntity.debugPrePersist:101
2025-07-31 14:33:11.937 - 💾 [REPO] AFTER_JPA_SAVE | ID: d5d26835-deae-45ae-9643-a0c5f594a4ca | Final Version: 0 | Final File: DNI (Frontal).pdf | Final FilePath: 34807993/d5d26835-deae-45ae-9643-a0c5f594a4ca_DNI__Frontal__1753972391935.pdf
2025-07-31 14:33:11.941 - ✅ [14:33:11.941] POST_PERSIST | ID: d5d26835-deae-45ae-9643-a0c5f594a4ca | Version: 0 | Archived: false | Info: FileName: DNI (Frontal).pdf, PERSISTED
2025-07-31 14:34:19.816 - 💾 [UPLOAD] BEFORE_SAVE_WITH_FILEPATH | ID: ff26e748-4895-4a17-89a5-823043fd04fe | FilePath: 31037002/ff26e748-4895-4a17-89a5-823043fd04fe_Certificado_de_Antecedentes_Penales_1753972459816.pdf
2025-07-31 14:34:19.817 - 💾 [REPO] BEFORE_MAPPING | ID: ff26e748-4895-4a17-89a5-823043fd04fe | Domain File: Certificado de Antecedentes Penales.pdf | FilePath: 31037002/ff26e748-4895-4a17-89a5-823043fd04fe_Certificado_de_Antecedentes_Penales_1753972459816.pdf | Caller: Unknown
2025-07-31 14:34:19.817 - 💾 [REPO] AFTER_MAPPING  | ID: ff26e748-4895-4a17-89a5-823043fd04fe | Entity Version: 0 | Entity File: Certificado de Antecedentes Penales.pdf | Entity FilePath: 31037002/ff26e748-4895-4a17-89a5-823043fd04fe_Certificado_de_Antecedentes_Penales_1753972459816.pdf
2025-07-31 14:34:19.818 - 🔍 [14:34:19.818] PRE_PERSIST  | ID: ff26e748-4895-4a17-89a5-823043fd04fe | Version: 0 | Archived: false | Info: FileName: Certificado de Antecedentes Penales.pdf, UploadDate: 2025-07-31T14:34:19.815643532 | Caller: DocumentEntity.debugPrePersist:101
2025-07-31 14:34:19.818 - 💾 [REPO] AFTER_JPA_SAVE | ID: ff26e748-4895-4a17-89a5-823043fd04fe | Final Version: 0 | Final File: Certificado de Antecedentes Penales.pdf | Final FilePath: 31037002/ff26e748-4895-4a17-89a5-823043fd04fe_Certificado_de_Antecedentes_Penales_1753972459816.pdf
2025-07-31 14:34:19.820 - ✅ [14:34:19.820] POST_PERSIST | ID: ff26e748-4895-4a17-89a5-823043fd04fe | Version: 0 | Archived: false | Info: FileName: Certificado de Antecedentes Penales.pdf, PERSISTED
2025-07-31 14:35:06.102 - 💾 [REPO] BEFORE_MAPPING | ID: ff26e748-4895-4a17-89a5-823043fd04fe | Domain File: Certificado de Antecedentes Penales.pdf | FilePath: 31037002/ARCHIVED_ff26e748-4895-4a17-89a5-823043fd04fe_ANTECEDENTES_PENALES_20250731_143506.pdf | Caller: Unknown
2025-07-31 14:35:06.102 - 💾 [REPO] AFTER_MAPPING  | ID: ff26e748-4895-4a17-89a5-823043fd04fe | Entity Version: 0 | Entity File: Certificado de Antecedentes Penales.pdf | Entity FilePath: 31037002/ARCHIVED_ff26e748-4895-4a17-89a5-823043fd04fe_ANTECEDENTES_PENALES_20250731_143506.pdf
2025-07-31 14:35:06.102 - 💾 [REPO] AFTER_JPA_SAVE | ID: ff26e748-4895-4a17-89a5-823043fd04fe | Final Version: 0 | Final File: Certificado de Antecedentes Penales.pdf | Final FilePath: 31037002/ARCHIVED_ff26e748-4895-4a17-89a5-823043fd04fe_ANTECEDENTES_PENALES_20250731_143506.pdf
2025-07-31 14:35:06.103 - 🔄 [14:35:06.103] PRE_UPDATE   | ID: ff26e748-4895-4a17-89a5-823043fd04fe | Version: 0 | Archived: true | Info: FileName: Certificado de Antecedentes Penales.pdf, UPDATE | Caller: DocumentEntity.debugPreUpdate:121
2025-07-31 14:35:06.108 - ✅ [14:35:06.108] POST_UPDATE  | ID: ff26e748-4895-4a17-89a5-823043fd04fe | Version: 1 | Archived: true | Info: FileName: Certificado de Antecedentes Penales.pdf, UPDATED
2025-07-31 14:35:21.752 - 💾 [UPLOAD] BEFORE_SAVE_WITH_FILEPATH | ID: d736681a-bffd-4a4a-bcb1-a032299045bf | FilePath: 31037002/d736681a-bffd-4a4a-bcb1-a032299045bf_Constancia_de_CUIL_1753972521751.pdf
2025-07-31 14:35:21.753 - 💾 [REPO] BEFORE_MAPPING | ID: d736681a-bffd-4a4a-bcb1-a032299045bf | Domain File: Constancia de CUIL.pdf | FilePath: 31037002/d736681a-bffd-4a4a-bcb1-a032299045bf_Constancia_de_CUIL_1753972521751.pdf | Caller: Unknown
2025-07-31 14:35:21.753 - 💾 [REPO] AFTER_MAPPING  | ID: d736681a-bffd-4a4a-bcb1-a032299045bf | Entity Version: 0 | Entity File: Constancia de CUIL.pdf | Entity FilePath: 31037002/d736681a-bffd-4a4a-bcb1-a032299045bf_Constancia_de_CUIL_1753972521751.pdf
2025-07-31 14:35:21.754 - 🔍 [14:35:21.753] PRE_PERSIST  | ID: d736681a-bffd-4a4a-bcb1-a032299045bf | Version: 0 | Archived: false | Info: FileName: Constancia de CUIL.pdf, UploadDate: 2025-07-31T14:35:21.750234489 | Caller: DocumentEntity.debugPrePersist:101
2025-07-31 14:35:21.754 - 💾 [REPO] AFTER_JPA_SAVE | ID: d736681a-bffd-4a4a-bcb1-a032299045bf | Final Version: 0 | Final File: Constancia de CUIL.pdf | Final FilePath: 31037002/d736681a-bffd-4a4a-bcb1-a032299045bf_Constancia_de_CUIL_1753972521751.pdf
2025-07-31 14:35:21.756 - ✅ [14:35:21.756] POST_PERSIST | ID: d736681a-bffd-4a4a-bcb1-a032299045bf | Version: 0 | Archived: false | Info: FileName: Constancia de CUIL.pdf, PERSISTED
2025-07-31 14:36:06.715 - 💾 [UPLOAD] BEFORE_SAVE_WITH_FILEPATH | ID: c50acdc8-5da2-4c08-be60-b69277346710 | FilePath: 34807993/c50acdc8-5da2-4c08-be60-b69277346710_Constancia_de_CUIL_1753972566715.pdf
2025-07-31 14:36:06.717 - 💾 [REPO] BEFORE_MAPPING | ID: c50acdc8-5da2-4c08-be60-b69277346710 | Domain File: Constancia de CUIL.pdf | FilePath: 34807993/c50acdc8-5da2-4c08-be60-b69277346710_Constancia_de_CUIL_1753972566715.pdf | Caller: Unknown
2025-07-31 14:36:06.717 - 💾 [REPO] AFTER_MAPPING  | ID: c50acdc8-5da2-4c08-be60-b69277346710 | Entity Version: 0 | Entity File: Constancia de CUIL.pdf | Entity FilePath: 34807993/c50acdc8-5da2-4c08-be60-b69277346710_Constancia_de_CUIL_1753972566715.pdf
2025-07-31 14:36:06.718 - 🔍 [14:36:06.718] PRE_PERSIST  | ID: c50acdc8-5da2-4c08-be60-b69277346710 | Version: 0 | Archived: false | Info: FileName: Constancia de CUIL.pdf, UploadDate: 2025-07-31T14:36:06.713405869 | Caller: DocumentEntity.debugPrePersist:101
2025-07-31 14:36:06.718 - 💾 [REPO] AFTER_JPA_SAVE | ID: c50acdc8-5da2-4c08-be60-b69277346710 | Final Version: 0 | Final File: Constancia de CUIL.pdf | Final FilePath: 34807993/c50acdc8-5da2-4c08-be60-b69277346710_Constancia_de_CUIL_1753972566715.pdf
2025-07-31 14:36:06.722 - ✅ [14:36:06.722] POST_PERSIST | ID: c50acdc8-5da2-4c08-be60-b69277346710 | Version: 0 | Archived: false | Info: FileName: Constancia de CUIL.pdf, PERSISTED
2025-07-31 14:40:04.438 - 💾 [UPLOAD] BEFORE_SAVE_WITH_FILEPATH | ID: 4eccc8a8-3ed1-4745-b560-d5de4bd840d6 | FilePath: 41252371/4eccc8a8-3ed1-4745-b560-d5de4bd840d6_Certificado_Ley_Micaela_1753972804438.pdf
2025-07-31 14:40:04.441 - 💾 [REPO] BEFORE_MAPPING | ID: 4eccc8a8-3ed1-4745-b560-d5de4bd840d6 | Domain File: Certificado Ley Micaela.pdf | FilePath: 41252371/4eccc8a8-3ed1-4745-b560-d5de4bd840d6_Certificado_Ley_Micaela_1753972804438.pdf | Caller: Unknown
2025-07-31 14:40:04.441 - 💾 [REPO] AFTER_MAPPING  | ID: 4eccc8a8-3ed1-4745-b560-d5de4bd840d6 | Entity Version: 0 | Entity File: Certificado Ley Micaela.pdf | Entity FilePath: 41252371/4eccc8a8-3ed1-4745-b560-d5de4bd840d6_Certificado_Ley_Micaela_1753972804438.pdf
2025-07-31 14:40:04.442 - 🔍 [14:40:04.441] PRE_PERSIST  | ID: 4eccc8a8-3ed1-4745-b560-d5de4bd840d6 | Version: 0 | Archived: false | Info: FileName: Certificado Ley Micaela.pdf, UploadDate: 2025-07-31T14:40:04.437608548 | Caller: DocumentEntity.debugPrePersist:101
2025-07-31 14:40:04.442 - 💾 [REPO] AFTER_JPA_SAVE | ID: 4eccc8a8-3ed1-4745-b560-d5de4bd840d6 | Final Version: 0 | Final File: Certificado Ley Micaela.pdf | Final FilePath: 41252371/4eccc8a8-3ed1-4745-b560-d5de4bd840d6_Certificado_Ley_Micaela_1753972804438.pdf
2025-07-31 14:40:04.444 - ✅ [14:40:04.444] POST_PERSIST | ID: 4eccc8a8-3ed1-4745-b560-d5de4bd840d6 | Version: 0 | Archived: false | Info: FileName: Certificado Ley Micaela.pdf, PERSISTED
2025-07-31 14:45:44.343 - 💾 [UPLOAD] BEFORE_SAVE_WITH_FILEPATH | ID: c6baeaa2-671b-4d72-9f06-710115160ce4 | FilePath: 41252371/c6baeaa2-671b-4d72-9f06-710115160ce4_T_tulo_Universitario_y_Certificado_Anal_tico_1753973144341.pdf
2025-07-31 14:45:44.348 - 💾 [REPO] BEFORE_MAPPING | ID: c6baeaa2-671b-4d72-9f06-710115160ce4 | Domain File: Título Universitario y Certificado Analítico.pdf | FilePath: 41252371/c6baeaa2-671b-4d72-9f06-710115160ce4_T_tulo_Universitario_y_Certificado_Anal_tico_1753973144341.pdf | Caller: Unknown
2025-07-31 14:45:44.348 - 💾 [REPO] AFTER_MAPPING  | ID: c6baeaa2-671b-4d72-9f06-710115160ce4 | Entity Version: 0 | Entity File: Título Universitario y Certificado Analítico.pdf | Entity FilePath: 41252371/c6baeaa2-671b-4d72-9f06-710115160ce4_T_tulo_Universitario_y_Certificado_Anal_tico_1753973144341.pdf
2025-07-31 14:45:44.349 - 🔍 [14:45:44.349] PRE_PERSIST  | ID: c6baeaa2-671b-4d72-9f06-710115160ce4 | Version: 0 | Archived: false | Info: FileName: Título Universitario y Certificado Analítico.pdf, UploadDate: 2025-07-31T14:45:44.339400168 | Caller: DocumentEntity.debugPrePersist:101
2025-07-31 14:45:44.349 - 💾 [REPO] AFTER_JPA_SAVE | ID: c6baeaa2-671b-4d72-9f06-710115160ce4 | Final Version: 0 | Final File: Título Universitario y Certificado Analítico.pdf | Final FilePath: 41252371/c6baeaa2-671b-4d72-9f06-710115160ce4_T_tulo_Universitario_y_Certificado_Anal_tico_1753973144341.pdf
2025-07-31 14:45:44.353 - ✅ [14:45:44.353] POST_PERSIST | ID: c6baeaa2-671b-4d72-9f06-710115160ce4 | Version: 0 | Archived: false | Info: FileName: Título Universitario y Certificado Analítico.pdf, PERSISTED
2025-07-31 14:47:28.334 - 💾 [REPO] BEFORE_MAPPING | ID: c6baeaa2-671b-4d72-9f06-710115160ce4 | Domain File: Título Universitario y Certificado Analítico.pdf | FilePath: 41252371/ARCHIVED_c6baeaa2-671b-4d72-9f06-710115160ce4_TITULO_UNIVERSITARIO_Y_CERTIFICADO_ANALITICO_20250731_144728.pdf | Caller: Unknown
2025-07-31 14:47:28.334 - 💾 [REPO] AFTER_MAPPING  | ID: c6baeaa2-671b-4d72-9f06-710115160ce4 | Entity Version: 0 | Entity File: Título Universitario y Certificado Analítico.pdf | Entity FilePath: 41252371/ARCHIVED_c6baeaa2-671b-4d72-9f06-710115160ce4_TITULO_UNIVERSITARIO_Y_CERTIFICADO_ANALITICO_20250731_144728.pdf
2025-07-31 14:47:28.334 - 💾 [REPO] AFTER_JPA_SAVE | ID: c6baeaa2-671b-4d72-9f06-710115160ce4 | Final Version: 0 | Final File: Título Universitario y Certificado Analítico.pdf | Final FilePath: 41252371/ARCHIVED_c6baeaa2-671b-4d72-9f06-710115160ce4_TITULO_UNIVERSITARIO_Y_CERTIFICADO_ANALITICO_20250731_144728.pdf
2025-07-31 14:47:28.334 - 🔄 [14:47:28.334] PRE_UPDATE   | ID: c6baeaa2-671b-4d72-9f06-710115160ce4 | Version: 0 | Archived: true | Info: FileName: Título Universitario y Certificado Analítico.pdf, UPDATE | Caller: DocumentEntity.debugPreUpdate:121
2025-07-31 14:47:28.335 - ✅ [14:47:28.335] POST_UPDATE  | ID: c6baeaa2-671b-4d72-9f06-710115160ce4 | Version: 1 | Archived: true | Info: FileName: Título Universitario y Certificado Analítico.pdf, UPDATED
2025-07-31 14:49:10.030 - 💾 [UPLOAD] BEFORE_SAVE_WITH_FILEPATH | ID: 25b810de-d4cb-4e2a-b31d-af814bd91ba9 | FilePath: 39379592/25b810de-d4cb-4e2a-b31d-af814bd91ba9_Certificado_de_Antig_edad_Profesional_1753973350029.pdf
2025-07-31 14:49:10.031 - 💾 [REPO] BEFORE_MAPPING | ID: 25b810de-d4cb-4e2a-b31d-af814bd91ba9 | Domain File: Certificado de Antigüedad Profesional.pdf | FilePath: 39379592/25b810de-d4cb-4e2a-b31d-af814bd91ba9_Certificado_de_Antig_edad_Profesional_1753973350029.pdf | Caller: Unknown
2025-07-31 14:49:10.031 - 💾 [REPO] AFTER_MAPPING  | ID: 25b810de-d4cb-4e2a-b31d-af814bd91ba9 | Entity Version: 0 | Entity File: Certificado de Antigüedad Profesional.pdf | Entity FilePath: 39379592/25b810de-d4cb-4e2a-b31d-af814bd91ba9_Certificado_de_Antig_edad_Profesional_1753973350029.pdf
2025-07-31 14:49:10.032 - 🔍 [14:49:10.032] PRE_PERSIST  | ID: 25b810de-d4cb-4e2a-b31d-af814bd91ba9 | Version: 0 | Archived: false | Info: FileName: Certificado de Antigüedad Profesional.pdf, UploadDate: 2025-07-31T14:49:10.029138780 | Caller: DocumentEntity.debugPrePersist:101
2025-07-31 14:49:10.033 - 💾 [REPO] AFTER_JPA_SAVE | ID: 25b810de-d4cb-4e2a-b31d-af814bd91ba9 | Final Version: 0 | Final File: Certificado de Antigüedad Profesional.pdf | Final FilePath: 39379592/25b810de-d4cb-4e2a-b31d-af814bd91ba9_Certificado_de_Antig_edad_Profesional_1753973350029.pdf
2025-07-31 14:49:10.174 - ✅ [14:49:10.174] POST_PERSIST | ID: 25b810de-d4cb-4e2a-b31d-af814bd91ba9 | Version: 0 | Archived: false | Info: FileName: Certificado de Antigüedad Profesional.pdf, PERSISTED
2025-07-31 14:49:31.156 - 💾 [UPLOAD] BEFORE_SAVE_WITH_FILEPATH | ID: 180208d0-930e-40fb-9cd5-7b92ad3183f2 | FilePath: 39379592/180208d0-930e-40fb-9cd5-7b92ad3183f2_Certificado_Sin_Sanciones_Disciplinarias_1753973371155.pdf
2025-07-31 14:49:31.156 - 💾 [REPO] BEFORE_MAPPING | ID: 180208d0-930e-40fb-9cd5-7b92ad3183f2 | Domain File: Certificado Sin Sanciones Disciplinarias.pdf | FilePath: 39379592/180208d0-930e-40fb-9cd5-7b92ad3183f2_Certificado_Sin_Sanciones_Disciplinarias_1753973371155.pdf | Caller: Unknown
2025-07-31 14:49:31.156 - 💾 [REPO] AFTER_MAPPING  | ID: 180208d0-930e-40fb-9cd5-7b92ad3183f2 | Entity Version: 0 | Entity File: Certificado Sin Sanciones Disciplinarias.pdf | Entity FilePath: 39379592/180208d0-930e-40fb-9cd5-7b92ad3183f2_Certificado_Sin_Sanciones_Disciplinarias_1753973371155.pdf
2025-07-31 14:49:31.157 - 🔍 [14:49:31.157] PRE_PERSIST  | ID: 180208d0-930e-40fb-9cd5-7b92ad3183f2 | Version: 0 | Archived: false | Info: FileName: Certificado Sin Sanciones Disciplinarias.pdf, UploadDate: 2025-07-31T14:49:31.155029945 | Caller: DocumentEntity.debugPrePersist:101
2025-07-31 14:49:31.157 - 💾 [REPO] AFTER_JPA_SAVE | ID: 180208d0-930e-40fb-9cd5-7b92ad3183f2 | Final Version: 0 | Final File: Certificado Sin Sanciones Disciplinarias.pdf | Final FilePath: 39379592/180208d0-930e-40fb-9cd5-7b92ad3183f2_Certificado_Sin_Sanciones_Disciplinarias_1753973371155.pdf
2025-07-31 14:49:31.159 - ✅ [14:49:31.159] POST_PERSIST | ID: 180208d0-930e-40fb-9cd5-7b92ad3183f2 | Version: 0 | Archived: false | Info: FileName: Certificado Sin Sanciones Disciplinarias.pdf, PERSISTED
2025-07-31 15:01:18.635 - 💾 [UPLOAD] BEFORE_SAVE_WITH_FILEPATH | ID: 0611ed1b-a298-46e5-abcf-1b122ee101be | FilePath: 41819923/0611ed1b-a298-46e5-abcf-1b122ee101be_Certificado_de_Antig_edad_Profesional_1753974078634.pdf
2025-07-31 15:01:18.637 - 💾 [REPO] BEFORE_MAPPING | ID: 0611ed1b-a298-46e5-abcf-1b122ee101be | Domain File: Certificado de Antigüedad Profesional.pdf | FilePath: 41819923/0611ed1b-a298-46e5-abcf-1b122ee101be_Certificado_de_Antig_edad_Profesional_1753974078634.pdf | Caller: Unknown
2025-07-31 15:01:18.637 - 💾 [REPO] AFTER_MAPPING  | ID: 0611ed1b-a298-46e5-abcf-1b122ee101be | Entity Version: 0 | Entity File: Certificado de Antigüedad Profesional.pdf | Entity FilePath: 41819923/0611ed1b-a298-46e5-abcf-1b122ee101be_Certificado_de_Antig_edad_Profesional_1753974078634.pdf
2025-07-31 15:01:18.637 - 🔍 [15:01:18.637] PRE_PERSIST  | ID: 0611ed1b-a298-46e5-abcf-1b122ee101be | Version: 0 | Archived: false | Info: FileName: Certificado de Antigüedad Profesional.pdf, UploadDate: 2025-07-31T15:01:18.633958482 | Caller: DocumentEntity.debugPrePersist:101
2025-07-31 15:01:18.638 - 💾 [REPO] AFTER_JPA_SAVE | ID: 0611ed1b-a298-46e5-abcf-1b122ee101be | Final Version: 0 | Final File: Certificado de Antigüedad Profesional.pdf | Final FilePath: 41819923/0611ed1b-a298-46e5-abcf-1b122ee101be_Certificado_de_Antig_edad_Profesional_1753974078634.pdf
2025-07-31 15:01:18.641 - ✅ [15:01:18.641] POST_PERSIST | ID: 0611ed1b-a298-46e5-abcf-1b122ee101be | Version: 0 | Archived: false | Info: FileName: Certificado de Antigüedad Profesional.pdf, PERSISTED
2025-07-31 15:02:17.730 - 💾 [UPLOAD] BEFORE_SAVE_WITH_FILEPATH | ID: 42a61605-086a-4df9-89d9-cba1fcdd4108 | FilePath: 31037002/42a61605-086a-4df9-89d9-cba1fcdd4108_DNI__Dorso__1753974137730.pdf
2025-07-31 15:02:17.731 - 💾 [REPO] BEFORE_MAPPING | ID: 42a61605-086a-4df9-89d9-cba1fcdd4108 | Domain File: DNI (Dorso).pdf | FilePath: 31037002/42a61605-086a-4df9-89d9-cba1fcdd4108_DNI__Dorso__1753974137730.pdf | Caller: Unknown
2025-07-31 15:02:17.731 - 💾 [REPO] AFTER_MAPPING  | ID: 42a61605-086a-4df9-89d9-cba1fcdd4108 | Entity Version: 0 | Entity File: DNI (Dorso).pdf | Entity FilePath: 31037002/42a61605-086a-4df9-89d9-cba1fcdd4108_DNI__Dorso__1753974137730.pdf
2025-07-31 15:02:17.732 - 🔍 [15:02:17.732] PRE_PERSIST  | ID: 42a61605-086a-4df9-89d9-cba1fcdd4108 | Version: 0 | Archived: false | Info: FileName: DNI (Dorso).pdf, UploadDate: 2025-07-31T15:02:17.729079636 | Caller: DocumentEntity.debugPrePersist:101
2025-07-31 15:02:17.732 - 💾 [REPO] AFTER_JPA_SAVE | ID: 42a61605-086a-4df9-89d9-cba1fcdd4108 | Final Version: 0 | Final File: DNI (Dorso).pdf | Final FilePath: 31037002/42a61605-086a-4df9-89d9-cba1fcdd4108_DNI__Dorso__1753974137730.pdf
2025-07-31 15:02:17.734 - ✅ [15:02:17.734] POST_PERSIST | ID: 42a61605-086a-4df9-89d9-cba1fcdd4108 | Version: 0 | Archived: false | Info: FileName: DNI (Dorso).pdf, PERSISTED
2025-07-31 15:02:25.908 - 💾 [UPLOAD] BEFORE_SAVE_WITH_FILEPATH | ID: b0faed20-281d-44c2-9010-2363ed8ea7fe | FilePath: 31037002/b0faed20-281d-44c2-9010-2363ed8ea7fe_DNI__Frontal__1753974145907.pdf
2025-07-31 15:02:25.909 - 💾 [REPO] BEFORE_MAPPING | ID: b0faed20-281d-44c2-9010-2363ed8ea7fe | Domain File: DNI (Frontal).pdf | FilePath: 31037002/b0faed20-281d-44c2-9010-2363ed8ea7fe_DNI__Frontal__1753974145907.pdf | Caller: Unknown
2025-07-31 15:02:25.909 - 💾 [REPO] AFTER_MAPPING  | ID: b0faed20-281d-44c2-9010-2363ed8ea7fe | Entity Version: 0 | Entity File: DNI (Frontal).pdf | Entity FilePath: 31037002/b0faed20-281d-44c2-9010-2363ed8ea7fe_DNI__Frontal__1753974145907.pdf
2025-07-31 15:02:25.910 - 🔍 [15:02:25.910] PRE_PERSIST  | ID: b0faed20-281d-44c2-9010-2363ed8ea7fe | Version: 0 | Archived: false | Info: FileName: DNI (Frontal).pdf, UploadDate: 2025-07-31T15:02:25.907231164 | Caller: DocumentEntity.debugPrePersist:101
2025-07-31 15:02:25.910 - 💾 [REPO] AFTER_JPA_SAVE | ID: b0faed20-281d-44c2-9010-2363ed8ea7fe | Final Version: 0 | Final File: DNI (Frontal).pdf | Final FilePath: 31037002/b0faed20-281d-44c2-9010-2363ed8ea7fe_DNI__Frontal__1753974145907.pdf
2025-07-31 15:02:25.913 - ✅ [15:02:25.913] POST_PERSIST | ID: b0faed20-281d-44c2-9010-2363ed8ea7fe | Version: 0 | Archived: false | Info: FileName: DNI (Frontal).pdf, PERSISTED
2025-07-31 15:03:53.602 - 💾 [UPLOAD] BEFORE_SAVE_WITH_FILEPATH | ID: 73da410e-70f2-4de9-9a08-1d8c8aade537 | FilePath: 40271004/73da410e-70f2-4de9-9a08-1d8c8aade537_Certificado_de_Antig_edad_Profesional_1753974233602.pdf
2025-07-31 15:03:53.603 - 💾 [REPO] BEFORE_MAPPING | ID: 73da410e-70f2-4de9-9a08-1d8c8aade537 | Domain File: Certificado de Antigüedad Profesional.pdf | FilePath: 40271004/73da410e-70f2-4de9-9a08-1d8c8aade537_Certificado_de_Antig_edad_Profesional_1753974233602.pdf | Caller: Unknown
2025-07-31 15:03:53.603 - 💾 [REPO] AFTER_MAPPING  | ID: 73da410e-70f2-4de9-9a08-1d8c8aade537 | Entity Version: 0 | Entity File: Certificado de Antigüedad Profesional.pdf | Entity FilePath: 40271004/73da410e-70f2-4de9-9a08-1d8c8aade537_Certificado_de_Antig_edad_Profesional_1753974233602.pdf
2025-07-31 15:03:53.604 - 🔍 [15:03:53.604] PRE_PERSIST  | ID: 73da410e-70f2-4de9-9a08-1d8c8aade537 | Version: 0 | Archived: false | Info: FileName: Certificado de Antigüedad Profesional.pdf, UploadDate: 2025-07-31T15:03:53.601780352 | Caller: DocumentEntity.debugPrePersist:101
2025-07-31 15:03:53.604 - 💾 [REPO] AFTER_JPA_SAVE | ID: 73da410e-70f2-4de9-9a08-1d8c8aade537 | Final Version: 0 | Final File: Certificado de Antigüedad Profesional.pdf | Final FilePath: 40271004/73da410e-70f2-4de9-9a08-1d8c8aade537_Certificado_de_Antig_edad_Profesional_1753974233602.pdf
2025-07-31 15:03:53.607 - ✅ [15:03:53.607] POST_PERSIST | ID: 73da410e-70f2-4de9-9a08-1d8c8aade537 | Version: 0 | Archived: false | Info: FileName: Certificado de Antigüedad Profesional.pdf, PERSISTED
2025-07-31 15:04:08.810 - 💾 [UPLOAD] BEFORE_SAVE_WITH_FILEPATH | ID: 33daeffb-1b68-4b43-8c1b-2a1c5cfbf5db | FilePath: 31084248/33daeffb-1b68-4b43-8c1b-2a1c5cfbf5db_Documento_Adicional_1753974248810.pdf
2025-07-31 15:04:08.811 - 💾 [REPO] BEFORE_MAPPING | ID: 33daeffb-1b68-4b43-8c1b-2a1c5cfbf5db | Domain File: Documento Adicional.pdf | FilePath: 31084248/33daeffb-1b68-4b43-8c1b-2a1c5cfbf5db_Documento_Adicional_1753974248810.pdf | Caller: Unknown
2025-07-31 15:04:08.811 - 💾 [REPO] AFTER_MAPPING  | ID: 33daeffb-1b68-4b43-8c1b-2a1c5cfbf5db | Entity Version: 0 | Entity File: Documento Adicional.pdf | Entity FilePath: 31084248/33daeffb-1b68-4b43-8c1b-2a1c5cfbf5db_Documento_Adicional_1753974248810.pdf
2025-07-31 15:04:08.812 - 🔍 [15:04:08.812] PRE_PERSIST  | ID: 33daeffb-1b68-4b43-8c1b-2a1c5cfbf5db | Version: 0 | Archived: false | Info: FileName: Documento Adicional.pdf, UploadDate: 2025-07-31T15:04:08.809332169 | Caller: DocumentEntity.debugPrePersist:101
2025-07-31 15:04:08.812 - 💾 [REPO] AFTER_JPA_SAVE | ID: 33daeffb-1b68-4b43-8c1b-2a1c5cfbf5db | Final Version: 0 | Final File: Documento Adicional.pdf | Final FilePath: 31084248/33daeffb-1b68-4b43-8c1b-2a1c5cfbf5db_Documento_Adicional_1753974248810.pdf
2025-07-31 15:04:08.815 - ✅ [15:04:08.815] POST_PERSIST | ID: 33daeffb-1b68-4b43-8c1b-2a1c5cfbf5db | Version: 0 | Archived: false | Info: FileName: Documento Adicional.pdf, PERSISTED
2025-07-31 15:04:11.208 - 💾 [UPLOAD] BEFORE_SAVE_WITH_FILEPATH | ID: 9bae1226-62e2-4821-9dc5-ccac877ccb1e | FilePath: 40271004/9bae1226-62e2-4821-9dc5-ccac877ccb1e_Certificado_Sin_Sanciones_Disciplinarias_1753974251207.pdf
2025-07-31 15:04:11.208 - 💾 [REPO] BEFORE_MAPPING | ID: 9bae1226-62e2-4821-9dc5-ccac877ccb1e | Domain File: Certificado Sin Sanciones Disciplinarias.pdf | FilePath: 40271004/9bae1226-62e2-4821-9dc5-ccac877ccb1e_Certificado_Sin_Sanciones_Disciplinarias_1753974251207.pdf | Caller: Unknown
2025-07-31 15:04:11.208 - 💾 [REPO] AFTER_MAPPING  | ID: 9bae1226-62e2-4821-9dc5-ccac877ccb1e | Entity Version: 0 | Entity File: Certificado Sin Sanciones Disciplinarias.pdf | Entity FilePath: 40271004/9bae1226-62e2-4821-9dc5-ccac877ccb1e_Certificado_Sin_Sanciones_Disciplinarias_1753974251207.pdf
2025-07-31 15:04:11.209 - 🔍 [15:04:11.209] PRE_PERSIST  | ID: 9bae1226-62e2-4821-9dc5-ccac877ccb1e | Version: 0 | Archived: false | Info: FileName: Certificado Sin Sanciones Disciplinarias.pdf, UploadDate: 2025-07-31T15:04:11.207151400 | Caller: DocumentEntity.debugPrePersist:101
2025-07-31 15:04:11.209 - 💾 [REPO] AFTER_JPA_SAVE | ID: 9bae1226-62e2-4821-9dc5-ccac877ccb1e | Final Version: 0 | Final File: Certificado Sin Sanciones Disciplinarias.pdf | Final FilePath: 40271004/9bae1226-62e2-4821-9dc5-ccac877ccb1e_Certificado_Sin_Sanciones_Disciplinarias_1753974251207.pdf
2025-07-31 15:04:11.217 - ✅ [15:04:11.217] POST_PERSIST | ID: 9bae1226-62e2-4821-9dc5-ccac877ccb1e | Version: 0 | Archived: false | Info: FileName: Certificado Sin Sanciones Disciplinarias.pdf, PERSISTED
2025-07-31 15:04:26.348 - 💾 [UPLOAD] BEFORE_SAVE_WITH_FILEPATH | ID: 15e035a9-fb0a-4673-b0a7-b9a7a75fbcdb | FilePath: 41819923/15e035a9-fb0a-4673-b0a7-b9a7a75fbcdb_DNI__Dorso__1753974266346.pdf
2025-07-31 15:04:26.348 - 💾 [REPO] BEFORE_MAPPING | ID: 15e035a9-fb0a-4673-b0a7-b9a7a75fbcdb | Domain File: DNI (Dorso).pdf | FilePath: 41819923/15e035a9-fb0a-4673-b0a7-b9a7a75fbcdb_DNI__Dorso__1753974266346.pdf | Caller: Unknown
2025-07-31 15:04:26.348 - 💾 [REPO] AFTER_MAPPING  | ID: 15e035a9-fb0a-4673-b0a7-b9a7a75fbcdb | Entity Version: 0 | Entity File: DNI (Dorso).pdf | Entity FilePath: 41819923/15e035a9-fb0a-4673-b0a7-b9a7a75fbcdb_DNI__Dorso__1753974266346.pdf
2025-07-31 15:04:26.349 - 🔍 [15:04:26.349] PRE_PERSIST  | ID: 15e035a9-fb0a-4673-b0a7-b9a7a75fbcdb | Version: 0 | Archived: false | Info: FileName: DNI (Dorso).pdf, UploadDate: 2025-07-31T15:04:26.345950718 | Caller: DocumentEntity.debugPrePersist:101
2025-07-31 15:04:26.349 - 💾 [REPO] AFTER_JPA_SAVE | ID: 15e035a9-fb0a-4673-b0a7-b9a7a75fbcdb | Final Version: 0 | Final File: DNI (Dorso).pdf | Final FilePath: 41819923/15e035a9-fb0a-4673-b0a7-b9a7a75fbcdb_DNI__Dorso__1753974266346.pdf
2025-07-31 15:04:26.351 - ✅ [15:04:26.351] POST_PERSIST | ID: 15e035a9-fb0a-4673-b0a7-b9a7a75fbcdb | Version: 0 | Archived: false | Info: FileName: DNI (Dorso).pdf, PERSISTED
2025-07-31 15:04:39.196 - 💾 [UPLOAD] BEFORE_SAVE_WITH_FILEPATH | ID: 4c1622de-4cdd-4efd-9e96-8fc7babfd1c9 | FilePath: 41819923/4c1622de-4cdd-4efd-9e96-8fc7babfd1c9_DNI__Frontal__1753974279195.pdf
2025-07-31 15:04:39.197 - 💾 [REPO] BEFORE_MAPPING | ID: 4c1622de-4cdd-4efd-9e96-8fc7babfd1c9 | Domain File: DNI (Frontal).pdf | FilePath: 41819923/4c1622de-4cdd-4efd-9e96-8fc7babfd1c9_DNI__Frontal__1753974279195.pdf | Caller: Unknown
2025-07-31 15:04:39.197 - 💾 [REPO] AFTER_MAPPING  | ID: 4c1622de-4cdd-4efd-9e96-8fc7babfd1c9 | Entity Version: 0 | Entity File: DNI (Frontal).pdf | Entity FilePath: 41819923/4c1622de-4cdd-4efd-9e96-8fc7babfd1c9_DNI__Frontal__1753974279195.pdf
2025-07-31 15:04:39.197 - 🔍 [15:04:39.197] PRE_PERSIST  | ID: 4c1622de-4cdd-4efd-9e96-8fc7babfd1c9 | Version: 0 | Archived: false | Info: FileName: DNI (Frontal).pdf, UploadDate: 2025-07-31T15:04:39.194429562 | Caller: DocumentEntity.debugPrePersist:101
2025-07-31 15:04:39.198 - 💾 [REPO] AFTER_JPA_SAVE | ID: 4c1622de-4cdd-4efd-9e96-8fc7babfd1c9 | Final Version: 0 | Final File: DNI (Frontal).pdf | Final FilePath: 41819923/4c1622de-4cdd-4efd-9e96-8fc7babfd1c9_DNI__Frontal__1753974279195.pdf
2025-07-31 15:04:39.200 - ✅ [15:04:39.200] POST_PERSIST | ID: 4c1622de-4cdd-4efd-9e96-8fc7babfd1c9 | Version: 0 | Archived: false | Info: FileName: DNI (Frontal).pdf, PERSISTED
2025-07-31 15:05:40.368 - 💾 [UPLOAD] BEFORE_SAVE_WITH_FILEPATH | ID: e3dcf16f-6add-4c1a-b21e-735759309c4f | FilePath: 41819923/e3dcf16f-6add-4c1a-b21e-735759309c4f_Constancia_de_CUIL_1753974340368.pdf
2025-07-31 15:05:40.369 - 💾 [REPO] BEFORE_MAPPING | ID: e3dcf16f-6add-4c1a-b21e-735759309c4f | Domain File: Constancia de CUIL.pdf | FilePath: 41819923/e3dcf16f-6add-4c1a-b21e-735759309c4f_Constancia_de_CUIL_1753974340368.pdf | Caller: Unknown
2025-07-31 15:05:40.369 - 💾 [REPO] AFTER_MAPPING  | ID: e3dcf16f-6add-4c1a-b21e-735759309c4f | Entity Version: 0 | Entity File: Constancia de CUIL.pdf | Entity FilePath: 41819923/e3dcf16f-6add-4c1a-b21e-735759309c4f_Constancia_de_CUIL_1753974340368.pdf
2025-07-31 15:05:40.370 - 🔍 [15:05:40.370] PRE_PERSIST  | ID: e3dcf16f-6add-4c1a-b21e-735759309c4f | Version: 0 | Archived: false | Info: FileName: Constancia de CUIL.pdf, UploadDate: 2025-07-31T15:05:40.368015236 | Caller: DocumentEntity.debugPrePersist:101
2025-07-31 15:05:40.370 - 💾 [REPO] AFTER_JPA_SAVE | ID: e3dcf16f-6add-4c1a-b21e-735759309c4f | Final Version: 0 | Final File: Constancia de CUIL.pdf | Final FilePath: 41819923/e3dcf16f-6add-4c1a-b21e-735759309c4f_Constancia_de_CUIL_1753974340368.pdf
2025-07-31 15:05:40.372 - ✅ [15:05:40.372] POST_PERSIST | ID: e3dcf16f-6add-4c1a-b21e-735759309c4f | Version: 0 | Archived: false | Info: FileName: Constancia de CUIL.pdf, PERSISTED
2025-07-31 15:08:05.788 - 💾 [UPLOAD] BEFORE_SAVE_WITH_FILEPATH | ID: 014e69ab-3c4e-41a2-97c9-acbcec3c8e46 | FilePath: 41819923/014e69ab-3c4e-41a2-97c9-acbcec3c8e46_T_tulo_Universitario_y_Certificado_Anal_tico_1753974485787.pdf
2025-07-31 15:08:05.788 - 💾 [REPO] BEFORE_MAPPING | ID: 014e69ab-3c4e-41a2-97c9-acbcec3c8e46 | Domain File: Título Universitario y Certificado Analítico.pdf | FilePath: 41819923/014e69ab-3c4e-41a2-97c9-acbcec3c8e46_T_tulo_Universitario_y_Certificado_Anal_tico_1753974485787.pdf | Caller: Unknown
2025-07-31 15:08:05.788 - 💾 [REPO] AFTER_MAPPING  | ID: 014e69ab-3c4e-41a2-97c9-acbcec3c8e46 | Entity Version: 0 | Entity File: Título Universitario y Certificado Analítico.pdf | Entity FilePath: 41819923/014e69ab-3c4e-41a2-97c9-acbcec3c8e46_T_tulo_Universitario_y_Certificado_Anal_tico_1753974485787.pdf
2025-07-31 15:08:05.789 - 🔍 [15:08:05.789] PRE_PERSIST  | ID: 014e69ab-3c4e-41a2-97c9-acbcec3c8e46 | Version: 0 | Archived: false | Info: FileName: Título Universitario y Certificado Analítico.pdf, UploadDate: 2025-07-31T15:08:05.786563608 | Caller: DocumentEntity.debugPrePersist:101
2025-07-31 15:08:05.789 - 💾 [REPO] AFTER_JPA_SAVE | ID: 014e69ab-3c4e-41a2-97c9-acbcec3c8e46 | Final Version: 0 | Final File: Título Universitario y Certificado Analítico.pdf | Final FilePath: 41819923/014e69ab-3c4e-41a2-97c9-acbcec3c8e46_T_tulo_Universitario_y_Certificado_Anal_tico_1753974485787.pdf
2025-07-31 15:08:05.791 - ✅ [15:08:05.791] POST_PERSIST | ID: 014e69ab-3c4e-41a2-97c9-acbcec3c8e46 | Version: 0 | Archived: false | Info: FileName: Título Universitario y Certificado Analítico.pdf, PERSISTED
2025-07-31 15:08:14.745 - 💾 [REPO] BEFORE_MAPPING | ID: 014e69ab-3c4e-41a2-97c9-acbcec3c8e46 | Domain File: Título Universitario y Certificado Analítico.pdf | FilePath: 41819923/ARCHIVED_014e69ab-3c4e-41a2-97c9-acbcec3c8e46_TITULO_UNIVERSITARIO_Y_CERTIFICADO_ANALITICO_20250731_150814.pdf | Caller: Unknown
2025-07-31 15:08:14.745 - 💾 [REPO] AFTER_MAPPING  | ID: 014e69ab-3c4e-41a2-97c9-acbcec3c8e46 | Entity Version: 0 | Entity File: Título Universitario y Certificado Analítico.pdf | Entity FilePath: 41819923/ARCHIVED_014e69ab-3c4e-41a2-97c9-acbcec3c8e46_TITULO_UNIVERSITARIO_Y_CERTIFICADO_ANALITICO_20250731_150814.pdf
2025-07-31 15:08:14.745 - 💾 [REPO] AFTER_JPA_SAVE | ID: 014e69ab-3c4e-41a2-97c9-acbcec3c8e46 | Final Version: 0 | Final File: Título Universitario y Certificado Analítico.pdf | Final FilePath: 41819923/ARCHIVED_014e69ab-3c4e-41a2-97c9-acbcec3c8e46_TITULO_UNIVERSITARIO_Y_CERTIFICADO_ANALITICO_20250731_150814.pdf
2025-07-31 15:08:14.746 - 🔄 [15:08:14.745] PRE_UPDATE   | ID: 014e69ab-3c4e-41a2-97c9-acbcec3c8e46 | Version: 0 | Archived: true | Info: FileName: Título Universitario y Certificado Analítico.pdf, UPDATE | Caller: DocumentEntity.debugPreUpdate:121
2025-07-31 15:08:14.747 - ✅ [15:08:14.747] POST_UPDATE  | ID: 014e69ab-3c4e-41a2-97c9-acbcec3c8e46 | Version: 1 | Archived: true | Info: FileName: Título Universitario y Certificado Analítico.pdf, UPDATED
2025-07-31 15:08:32.708 - 💾 [UPLOAD] BEFORE_SAVE_WITH_FILEPATH | ID: 49b8c5cd-3b91-4344-86f5-65f62d1d3957 | FilePath: 41819923/49b8c5cd-3b91-4344-86f5-65f62d1d3957_Documento_Adicional_1753974512706.pdf
2025-07-31 15:08:32.709 - 💾 [REPO] BEFORE_MAPPING | ID: 49b8c5cd-3b91-4344-86f5-65f62d1d3957 | Domain File: Documento Adicional.pdf | FilePath: 41819923/49b8c5cd-3b91-4344-86f5-65f62d1d3957_Documento_Adicional_1753974512706.pdf | Caller: Unknown
2025-07-31 15:08:32.709 - 💾 [REPO] AFTER_MAPPING  | ID: 49b8c5cd-3b91-4344-86f5-65f62d1d3957 | Entity Version: 0 | Entity File: Documento Adicional.pdf | Entity FilePath: 41819923/49b8c5cd-3b91-4344-86f5-65f62d1d3957_Documento_Adicional_1753974512706.pdf
2025-07-31 15:08:32.709 - 🔍 [15:08:32.709] PRE_PERSIST  | ID: 49b8c5cd-3b91-4344-86f5-65f62d1d3957 | Version: 0 | Archived: false | Info: FileName: Documento Adicional.pdf, UploadDate: 2025-07-31T15:08:32.705954391 | Caller: DocumentEntity.debugPrePersist:101
2025-07-31 15:08:32.710 - 💾 [REPO] AFTER_JPA_SAVE | ID: 49b8c5cd-3b91-4344-86f5-65f62d1d3957 | Final Version: 0 | Final File: Documento Adicional.pdf | Final FilePath: 41819923/49b8c5cd-3b91-4344-86f5-65f62d1d3957_Documento_Adicional_1753974512706.pdf
2025-07-31 15:08:32.714 - ✅ [15:08:32.714] POST_PERSIST | ID: 49b8c5cd-3b91-4344-86f5-65f62d1d3957 | Version: 0 | Archived: false | Info: FileName: Documento Adicional.pdf, PERSISTED
2025-07-31 15:09:29.950 - 💾 [UPLOAD] BEFORE_SAVE_WITH_FILEPATH | ID: e685c29c-5e9b-4003-bf22-834ba72aa647 | FilePath: 41819923/e685c29c-5e9b-4003-bf22-834ba72aa647_Certificado_de_Antecedentes_Penales_1753974569950.pdf
2025-07-31 15:09:29.951 - 💾 [REPO] BEFORE_MAPPING | ID: e685c29c-5e9b-4003-bf22-834ba72aa647 | Domain File: Certificado de Antecedentes Penales.pdf | FilePath: 41819923/e685c29c-5e9b-4003-bf22-834ba72aa647_Certificado_de_Antecedentes_Penales_1753974569950.pdf | Caller: Unknown
2025-07-31 15:09:29.951 - 💾 [REPO] AFTER_MAPPING  | ID: e685c29c-5e9b-4003-bf22-834ba72aa647 | Entity Version: 0 | Entity File: Certificado de Antecedentes Penales.pdf | Entity FilePath: 41819923/e685c29c-5e9b-4003-bf22-834ba72aa647_Certificado_de_Antecedentes_Penales_1753974569950.pdf
2025-07-31 15:09:29.952 - 🔍 [15:09:29.952] PRE_PERSIST  | ID: e685c29c-5e9b-4003-bf22-834ba72aa647 | Version: 0 | Archived: false | Info: FileName: Certificado de Antecedentes Penales.pdf, UploadDate: 2025-07-31T15:09:29.949292413 | Caller: DocumentEntity.debugPrePersist:101
2025-07-31 15:09:29.952 - 💾 [REPO] AFTER_JPA_SAVE | ID: e685c29c-5e9b-4003-bf22-834ba72aa647 | Final Version: 0 | Final File: Certificado de Antecedentes Penales.pdf | Final FilePath: 41819923/e685c29c-5e9b-4003-bf22-834ba72aa647_Certificado_de_Antecedentes_Penales_1753974569950.pdf
2025-07-31 15:09:29.954 - ✅ [15:09:29.954] POST_PERSIST | ID: e685c29c-5e9b-4003-bf22-834ba72aa647 | Version: 0 | Archived: false | Info: FileName: Certificado de Antecedentes Penales.pdf, PERSISTED
2025-07-31 15:10:41.281 - 💾 [REPO] BEFORE_MAPPING | ID: 33daeffb-1b68-4b43-8c1b-2a1c5cfbf5db | Domain File: Documento Adicional.pdf | FilePath: 31084248/ARCHIVED_33daeffb-1b68-4b43-8c1b-2a1c5cfbf5db_DOCUMENTO_ADICIONAL_20250731_151041.pdf | Caller: Unknown
2025-07-31 15:10:41.281 - 💾 [REPO] AFTER_MAPPING  | ID: 33daeffb-1b68-4b43-8c1b-2a1c5cfbf5db | Entity Version: 0 | Entity File: Documento Adicional.pdf | Entity FilePath: 31084248/ARCHIVED_33daeffb-1b68-4b43-8c1b-2a1c5cfbf5db_DOCUMENTO_ADICIONAL_20250731_151041.pdf
2025-07-31 15:10:41.281 - 💾 [REPO] AFTER_JPA_SAVE | ID: 33daeffb-1b68-4b43-8c1b-2a1c5cfbf5db | Final Version: 0 | Final File: Documento Adicional.pdf | Final FilePath: 31084248/ARCHIVED_33daeffb-1b68-4b43-8c1b-2a1c5cfbf5db_DOCUMENTO_ADICIONAL_20250731_151041.pdf
2025-07-31 15:10:41.282 - 🔄 [15:10:41.282] PRE_UPDATE   | ID: 33daeffb-1b68-4b43-8c1b-2a1c5cfbf5db | Version: 0 | Archived: true | Info: FileName: Documento Adicional.pdf, UPDATE | Caller: DocumentEntity.debugPreUpdate:121
2025-07-31 15:10:41.283 - ✅ [15:10:41.283] POST_UPDATE  | ID: 33daeffb-1b68-4b43-8c1b-2a1c5cfbf5db | Version: 1 | Archived: true | Info: FileName: Documento Adicional.pdf, UPDATED
2025-07-31 15:11:48.685 - 💾 [UPLOAD] BEFORE_SAVE_WITH_FILEPATH | ID: bdad0262-66de-4dad-8175-3b4174e9b4ef | FilePath: 31084248/bdad0262-66de-4dad-8175-3b4174e9b4ef_Constancia_de_CUIL_1753974708685.pdf
2025-07-31 15:11:48.686 - 💾 [REPO] BEFORE_MAPPING | ID: bdad0262-66de-4dad-8175-3b4174e9b4ef | Domain File: Constancia de CUIL.pdf | FilePath: 31084248/bdad0262-66de-4dad-8175-3b4174e9b4ef_Constancia_de_CUIL_1753974708685.pdf | Caller: Unknown
2025-07-31 15:11:48.686 - 💾 [REPO] AFTER_MAPPING  | ID: bdad0262-66de-4dad-8175-3b4174e9b4ef | Entity Version: 0 | Entity File: Constancia de CUIL.pdf | Entity FilePath: 31084248/bdad0262-66de-4dad-8175-3b4174e9b4ef_Constancia_de_CUIL_1753974708685.pdf
2025-07-31 15:11:48.687 - 🔍 [15:11:48.686] PRE_PERSIST  | ID: bdad0262-66de-4dad-8175-3b4174e9b4ef | Version: 0 | Archived: false | Info: FileName: Constancia de CUIL.pdf, UploadDate: 2025-07-31T15:11:48.684956849 | Caller: DocumentEntity.debugPrePersist:101
2025-07-31 15:11:48.687 - 💾 [REPO] AFTER_JPA_SAVE | ID: bdad0262-66de-4dad-8175-3b4174e9b4ef | Final Version: 0 | Final File: Constancia de CUIL.pdf | Final FilePath: 31084248/bdad0262-66de-4dad-8175-3b4174e9b4ef_Constancia_de_CUIL_1753974708685.pdf
2025-07-31 15:11:48.689 - ✅ [15:11:48.689] POST_PERSIST | ID: bdad0262-66de-4dad-8175-3b4174e9b4ef | Version: 0 | Archived: false | Info: FileName: Constancia de CUIL.pdf, PERSISTED
2025-07-31 15:15:58.173 - 💾 [UPLOAD] BEFORE_SAVE_WITH_FILEPATH | ID: 3af08496-96a5-4ac3-a56a-5807e739e852 | FilePath: 40271004/3af08496-96a5-4ac3-a56a-5807e739e852_Constancia_de_CUIL_1753974958173.pdf
2025-07-31 15:15:58.174 - 💾 [REPO] BEFORE_MAPPING | ID: 3af08496-96a5-4ac3-a56a-5807e739e852 | Domain File: Constancia de CUIL.pdf | FilePath: 40271004/3af08496-96a5-4ac3-a56a-5807e739e852_Constancia_de_CUIL_1753974958173.pdf | Caller: Unknown
2025-07-31 15:15:58.174 - 💾 [REPO] AFTER_MAPPING  | ID: 3af08496-96a5-4ac3-a56a-5807e739e852 | Entity Version: 0 | Entity File: Constancia de CUIL.pdf | Entity FilePath: 40271004/3af08496-96a5-4ac3-a56a-5807e739e852_Constancia_de_CUIL_1753974958173.pdf
2025-07-31 15:15:58.175 - 🔍 [15:15:58.175] PRE_PERSIST  | ID: 3af08496-96a5-4ac3-a56a-5807e739e852 | Version: 0 | Archived: false | Info: FileName: Constancia de CUIL.pdf, UploadDate: 2025-07-31T15:15:58.172163124 | Caller: DocumentEntity.debugPrePersist:101
2025-07-31 15:15:58.175 - 💾 [REPO] AFTER_JPA_SAVE | ID: 3af08496-96a5-4ac3-a56a-5807e739e852 | Final Version: 0 | Final File: Constancia de CUIL.pdf | Final FilePath: 40271004/3af08496-96a5-4ac3-a56a-5807e739e852_Constancia_de_CUIL_1753974958173.pdf
2025-07-31 15:15:58.178 - ✅ [15:15:58.178] POST_PERSIST | ID: 3af08496-96a5-4ac3-a56a-5807e739e852 | Version: 0 | Archived: false | Info: FileName: Constancia de CUIL.pdf, PERSISTED
2025-07-31 15:18:39.914 - 💾 [REPO] BEFORE_MAPPING | ID: 0611ed1b-a298-46e5-abcf-1b122ee101be | Domain File: Certificado de Antigüedad Profesional.pdf | FilePath: 41819923/ARCHIVED_0611ed1b-a298-46e5-abcf-1b122ee101be_CERTIFICADO_PROFESIONAL_ANTIGUEDAD_20250731_151839.pdf | Caller: Unknown
2025-07-31 15:18:39.914 - 💾 [REPO] AFTER_MAPPING  | ID: 0611ed1b-a298-46e5-abcf-1b122ee101be | Entity Version: 0 | Entity File: Certificado de Antigüedad Profesional.pdf | Entity FilePath: 41819923/ARCHIVED_0611ed1b-a298-46e5-abcf-1b122ee101be_CERTIFICADO_PROFESIONAL_ANTIGUEDAD_20250731_151839.pdf
2025-07-31 15:18:39.915 - 💾 [REPO] AFTER_JPA_SAVE | ID: 0611ed1b-a298-46e5-abcf-1b122ee101be | Final Version: 0 | Final File: Certificado de Antigüedad Profesional.pdf | Final FilePath: 41819923/ARCHIVED_0611ed1b-a298-46e5-abcf-1b122ee101be_CERTIFICADO_PROFESIONAL_ANTIGUEDAD_20250731_151839.pdf
2025-07-31 15:18:39.915 - 🔄 [15:18:39.915] PRE_UPDATE   | ID: 0611ed1b-a298-46e5-abcf-1b122ee101be | Version: 0 | Archived: true | Info: FileName: Certificado de Antigüedad Profesional.pdf, UPDATE | Caller: DocumentEntity.debugPreUpdate:121
2025-07-31 15:18:39.916 - ✅ [15:18:39.916] POST_UPDATE  | ID: 0611ed1b-a298-46e5-abcf-1b122ee101be | Version: 1 | Archived: true | Info: FileName: Certificado de Antigüedad Profesional.pdf, UPDATED
2025-07-31 15:21:32.489 - 💾 [UPLOAD] BEFORE_SAVE_WITH_FILEPATH | ID: e2e9ceea-ebd8-4f44-b01d-c7781dad2499 | FilePath: 41819923/e2e9ceea-ebd8-4f44-b01d-c7781dad2499_T_tulo_Universitario_y_Certificado_Anal_tico_1753975292488.pdf
2025-07-31 15:21:32.490 - 💾 [REPO] BEFORE_MAPPING | ID: e2e9ceea-ebd8-4f44-b01d-c7781dad2499 | Domain File: Título Universitario y Certificado Analítico.pdf | FilePath: 41819923/e2e9ceea-ebd8-4f44-b01d-c7781dad2499_T_tulo_Universitario_y_Certificado_Anal_tico_1753975292488.pdf | Caller: Unknown
2025-07-31 15:21:32.490 - 💾 [REPO] AFTER_MAPPING  | ID: e2e9ceea-ebd8-4f44-b01d-c7781dad2499 | Entity Version: 0 | Entity File: Título Universitario y Certificado Analítico.pdf | Entity FilePath: 41819923/e2e9ceea-ebd8-4f44-b01d-c7781dad2499_T_tulo_Universitario_y_Certificado_Anal_tico_1753975292488.pdf
2025-07-31 15:21:32.491 - 🔍 [15:21:32.490] PRE_PERSIST  | ID: e2e9ceea-ebd8-4f44-b01d-c7781dad2499 | Version: 0 | Archived: false | Info: FileName: Título Universitario y Certificado Analítico.pdf, UploadDate: 2025-07-31T15:21:32.487942536 | Caller: DocumentEntity.debugPrePersist:101
2025-07-31 15:21:32.491 - 💾 [REPO] AFTER_JPA_SAVE | ID: e2e9ceea-ebd8-4f44-b01d-c7781dad2499 | Final Version: 0 | Final File: Título Universitario y Certificado Analítico.pdf | Final FilePath: 41819923/e2e9ceea-ebd8-4f44-b01d-c7781dad2499_T_tulo_Universitario_y_Certificado_Anal_tico_1753975292488.pdf
2025-07-31 15:21:32.492 - ✅ [15:21:32.492] POST_PERSIST | ID: e2e9ceea-ebd8-4f44-b01d-c7781dad2499 | Version: 0 | Archived: false | Info: FileName: Título Universitario y Certificado Analítico.pdf, PERSISTED
2025-07-31 15:21:39.135 - 💾 [REPO] BEFORE_MAPPING | ID: 49b8c5cd-3b91-4344-86f5-65f62d1d3957 | Domain File: Documento Adicional.pdf | FilePath: 41819923/ARCHIVED_49b8c5cd-3b91-4344-86f5-65f62d1d3957_DOCUMENTO_ADICIONAL_20250731_152139.pdf | Caller: Unknown
2025-07-31 15:21:39.135 - 💾 [REPO] AFTER_MAPPING  | ID: 49b8c5cd-3b91-4344-86f5-65f62d1d3957 | Entity Version: 0 | Entity File: Documento Adicional.pdf | Entity FilePath: 41819923/ARCHIVED_49b8c5cd-3b91-4344-86f5-65f62d1d3957_DOCUMENTO_ADICIONAL_20250731_152139.pdf
2025-07-31 15:21:39.135 - 💾 [REPO] AFTER_JPA_SAVE | ID: 49b8c5cd-3b91-4344-86f5-65f62d1d3957 | Final Version: 0 | Final File: Documento Adicional.pdf | Final FilePath: 41819923/ARCHIVED_49b8c5cd-3b91-4344-86f5-65f62d1d3957_DOCUMENTO_ADICIONAL_20250731_152139.pdf
2025-07-31 15:21:39.136 - 🔄 [15:21:39.136] PRE_UPDATE   | ID: 49b8c5cd-3b91-4344-86f5-65f62d1d3957 | Version: 0 | Archived: true | Info: FileName: Documento Adicional.pdf, UPDATE | Caller: DocumentEntity.debugPreUpdate:121
2025-07-31 15:21:39.138 - ✅ [15:21:39.138] POST_UPDATE  | ID: 49b8c5cd-3b91-4344-86f5-65f62d1d3957 | Version: 1 | Archived: true | Info: FileName: Documento Adicional.pdf, UPDATED
2025-07-31 15:22:44.972 - 💾 [REPO] BEFORE_MAPPING | ID: e2e9ceea-ebd8-4f44-b01d-c7781dad2499 | Domain File: Título Universitario y Certificado Analítico.pdf | FilePath: 41819923/ARCHIVED_e2e9ceea-ebd8-4f44-b01d-c7781dad2499_TITULO_UNIVERSITARIO_Y_CERTIFICADO_ANALITICO_20250731_152244.pdf | Caller: Unknown
2025-07-31 15:22:44.972 - 💾 [REPO] AFTER_MAPPING  | ID: e2e9ceea-ebd8-4f44-b01d-c7781dad2499 | Entity Version: 0 | Entity File: Título Universitario y Certificado Analítico.pdf | Entity FilePath: 41819923/ARCHIVED_e2e9ceea-ebd8-4f44-b01d-c7781dad2499_TITULO_UNIVERSITARIO_Y_CERTIFICADO_ANALITICO_20250731_152244.pdf
2025-07-31 15:22:44.972 - 💾 [REPO] AFTER_JPA_SAVE | ID: e2e9ceea-ebd8-4f44-b01d-c7781dad2499 | Final Version: 0 | Final File: Título Universitario y Certificado Analítico.pdf | Final FilePath: 41819923/ARCHIVED_e2e9ceea-ebd8-4f44-b01d-c7781dad2499_TITULO_UNIVERSITARIO_Y_CERTIFICADO_ANALITICO_20250731_152244.pdf
2025-07-31 15:22:44.973 - 🔄 [15:22:44.972] PRE_UPDATE   | ID: e2e9ceea-ebd8-4f44-b01d-c7781dad2499 | Version: 0 | Archived: true | Info: FileName: Título Universitario y Certificado Analítico.pdf, UPDATE | Caller: DocumentEntity.debugPreUpdate:121
2025-07-31 15:22:44.974 - ✅ [15:22:44.974] POST_UPDATE  | ID: e2e9ceea-ebd8-4f44-b01d-c7781dad2499 | Version: 1 | Archived: true | Info: FileName: Título Universitario y Certificado Analítico.pdf, UPDATED
2025-07-31 15:23:40.921 - 💾 [UPLOAD] BEFORE_SAVE_WITH_FILEPATH | ID: b335d504-b12b-49f3-81f9-b799f41886fb | FilePath: 41819923/b335d504-b12b-49f3-81f9-b799f41886fb_T_tulo_Universitario_y_Certificado_Anal_tico_1753975420920.pdf
2025-07-31 15:23:40.922 - 💾 [REPO] BEFORE_MAPPING | ID: b335d504-b12b-49f3-81f9-b799f41886fb | Domain File: Título Universitario y Certificado Analítico.pdf | FilePath: 41819923/b335d504-b12b-49f3-81f9-b799f41886fb_T_tulo_Universitario_y_Certificado_Anal_tico_1753975420920.pdf | Caller: Unknown
2025-07-31 15:23:40.922 - 💾 [REPO] AFTER_MAPPING  | ID: b335d504-b12b-49f3-81f9-b799f41886fb | Entity Version: 0 | Entity File: Título Universitario y Certificado Analítico.pdf | Entity FilePath: 41819923/b335d504-b12b-49f3-81f9-b799f41886fb_T_tulo_Universitario_y_Certificado_Anal_tico_1753975420920.pdf
2025-07-31 15:23:40.923 - 🔍 [15:23:40.923] PRE_PERSIST  | ID: b335d504-b12b-49f3-81f9-b799f41886fb | Version: 0 | Archived: false | Info: FileName: Título Universitario y Certificado Analítico.pdf, UploadDate: 2025-07-31T15:23:40.919662832 | Caller: DocumentEntity.debugPrePersist:101
2025-07-31 15:23:40.923 - 💾 [REPO] AFTER_JPA_SAVE | ID: b335d504-b12b-49f3-81f9-b799f41886fb | Final Version: 0 | Final File: Título Universitario y Certificado Analítico.pdf | Final FilePath: 41819923/b335d504-b12b-49f3-81f9-b799f41886fb_T_tulo_Universitario_y_Certificado_Anal_tico_1753975420920.pdf
2025-07-31 15:23:40.926 - ✅ [15:23:40.926] POST_PERSIST | ID: b335d504-b12b-49f3-81f9-b799f41886fb | Version: 0 | Archived: false | Info: FileName: Título Universitario y Certificado Analítico.pdf, PERSISTED
2025-07-31 15:24:54.292 - 💾 [UPLOAD] BEFORE_SAVE_WITH_FILEPATH | ID: b1a8e2be-36f8-44da-9b67-30727e74f61c | FilePath: 41819923/b1a8e2be-36f8-44da-9b67-30727e74f61c_Documento_Adicional_1753975494291.pdf
2025-07-31 15:24:54.293 - 💾 [REPO] BEFORE_MAPPING | ID: b1a8e2be-36f8-44da-9b67-30727e74f61c | Domain File: Documento Adicional.pdf | FilePath: 41819923/b1a8e2be-36f8-44da-9b67-30727e74f61c_Documento_Adicional_1753975494291.pdf | Caller: Unknown
2025-07-31 15:24:54.293 - 💾 [REPO] AFTER_MAPPING  | ID: b1a8e2be-36f8-44da-9b67-30727e74f61c | Entity Version: 0 | Entity File: Documento Adicional.pdf | Entity FilePath: 41819923/b1a8e2be-36f8-44da-9b67-30727e74f61c_Documento_Adicional_1753975494291.pdf
2025-07-31 15:24:54.294 - 🔍 [15:24:54.293] PRE_PERSIST  | ID: b1a8e2be-36f8-44da-9b67-30727e74f61c | Version: 0 | Archived: false | Info: FileName: Documento Adicional.pdf, UploadDate: 2025-07-31T15:24:54.290585230 | Caller: DocumentEntity.debugPrePersist:101
2025-07-31 15:24:54.294 - 💾 [REPO] AFTER_JPA_SAVE | ID: b1a8e2be-36f8-44da-9b67-30727e74f61c | Final Version: 0 | Final File: Documento Adicional.pdf | Final FilePath: 41819923/b1a8e2be-36f8-44da-9b67-30727e74f61c_Documento_Adicional_1753975494291.pdf
2025-07-31 15:24:54.297 - ✅ [15:24:54.297] POST_PERSIST | ID: b1a8e2be-36f8-44da-9b67-30727e74f61c | Version: 0 | Archived: false | Info: FileName: Documento Adicional.pdf, PERSISTED
2025-07-31 15:34:32.045 - 💾 [REPO] BEFORE_MAPPING | ID: e3dcf16f-6add-4c1a-b21e-735759309c4f | Domain File: Constancia de CUIL.pdf | FilePath: 41819923/ARCHIVED_e3dcf16f-6add-4c1a-b21e-735759309c4f_CONSTANCIA_CUIL_20250731_153432.pdf | Caller: Unknown
2025-07-31 15:34:32.045 - 💾 [REPO] AFTER_MAPPING  | ID: e3dcf16f-6add-4c1a-b21e-735759309c4f | Entity Version: 0 | Entity File: Constancia de CUIL.pdf | Entity FilePath: 41819923/ARCHIVED_e3dcf16f-6add-4c1a-b21e-735759309c4f_CONSTANCIA_CUIL_20250731_153432.pdf
2025-07-31 15:34:32.046 - 💾 [REPO] AFTER_JPA_SAVE | ID: e3dcf16f-6add-4c1a-b21e-735759309c4f | Final Version: 0 | Final File: Constancia de CUIL.pdf | Final FilePath: 41819923/ARCHIVED_e3dcf16f-6add-4c1a-b21e-735759309c4f_CONSTANCIA_CUIL_20250731_153432.pdf
2025-07-31 15:34:32.046 - 🔄 [15:34:32.046] PRE_UPDATE   | ID: e3dcf16f-6add-4c1a-b21e-735759309c4f | Version: 0 | Archived: true | Info: FileName: Constancia de CUIL.pdf, UPDATE | Caller: DocumentEntity.debugPreUpdate:121
2025-07-31 15:34:32.047 - ✅ [15:34:32.047] POST_UPDATE  | ID: e3dcf16f-6add-4c1a-b21e-735759309c4f | Version: 1 | Archived: true | Info: FileName: Constancia de CUIL.pdf, UPDATED
2025-07-31 15:36:09.805 - 💾 [UPLOAD] BEFORE_SAVE_WITH_FILEPATH | ID: 1e113792-ed55-4f79-b81f-231d5847805c | FilePath: 41819923/1e113792-ed55-4f79-b81f-231d5847805c_Constancia_de_CUIL_1753976169804.pdf
2025-07-31 15:36:09.806 - 💾 [REPO] BEFORE_MAPPING | ID: 1e113792-ed55-4f79-b81f-231d5847805c | Domain File: Constancia de CUIL.pdf | FilePath: 41819923/1e113792-ed55-4f79-b81f-231d5847805c_Constancia_de_CUIL_1753976169804.pdf | Caller: Unknown
2025-07-31 15:36:09.806 - 💾 [REPO] AFTER_MAPPING  | ID: 1e113792-ed55-4f79-b81f-231d5847805c | Entity Version: 0 | Entity File: Constancia de CUIL.pdf | Entity FilePath: 41819923/1e113792-ed55-4f79-b81f-231d5847805c_Constancia_de_CUIL_1753976169804.pdf
2025-07-31 15:36:09.806 - 🔍 [15:36:09.806] PRE_PERSIST  | ID: 1e113792-ed55-4f79-b81f-231d5847805c | Version: 0 | Archived: false | Info: FileName: Constancia de CUIL.pdf, UploadDate: 2025-07-31T15:36:09.804110757 | Caller: DocumentEntity.debugPrePersist:101
2025-07-31 15:36:09.807 - 💾 [REPO] AFTER_JPA_SAVE | ID: 1e113792-ed55-4f79-b81f-231d5847805c | Final Version: 0 | Final File: Constancia de CUIL.pdf | Final FilePath: 41819923/1e113792-ed55-4f79-b81f-231d5847805c_Constancia_de_CUIL_1753976169804.pdf
2025-07-31 15:36:09.813 - ✅ [15:36:09.813] POST_PERSIST | ID: 1e113792-ed55-4f79-b81f-231d5847805c | Version: 0 | Archived: false | Info: FileName: Constancia de CUIL.pdf, PERSISTED
2025-07-31 15:37:10.348 - 💾 [UPLOAD] BEFORE_SAVE_WITH_FILEPATH | ID: 431cce0b-a8a3-461c-9a97-6f4516134021 | FilePath: 32316274/431cce0b-a8a3-461c-9a97-6f4516134021_Certificado_Ley_Micaela_1753976230348.pdf
2025-07-31 15:37:10.349 - 💾 [REPO] BEFORE_MAPPING | ID: 431cce0b-a8a3-461c-9a97-6f4516134021 | Domain File: Certificado Ley Micaela.pdf | FilePath: 32316274/431cce0b-a8a3-461c-9a97-6f4516134021_Certificado_Ley_Micaela_1753976230348.pdf | Caller: Unknown
2025-07-31 15:37:10.349 - 💾 [REPO] AFTER_MAPPING  | ID: 431cce0b-a8a3-461c-9a97-6f4516134021 | Entity Version: 0 | Entity File: Certificado Ley Micaela.pdf | Entity FilePath: 32316274/431cce0b-a8a3-461c-9a97-6f4516134021_Certificado_Ley_Micaela_1753976230348.pdf
2025-07-31 15:37:10.349 - 🔍 [15:37:10.349] PRE_PERSIST  | ID: 431cce0b-a8a3-461c-9a97-6f4516134021 | Version: 0 | Archived: false | Info: FileName: Certificado Ley Micaela.pdf, UploadDate: 2025-07-31T15:37:10.347949987 | Caller: DocumentEntity.debugPrePersist:101
2025-07-31 15:37:10.350 - 💾 [REPO] AFTER_JPA_SAVE | ID: 431cce0b-a8a3-461c-9a97-6f4516134021 | Final Version: 0 | Final File: Certificado Ley Micaela.pdf | Final FilePath: 32316274/431cce0b-a8a3-461c-9a97-6f4516134021_Certificado_Ley_Micaela_1753976230348.pdf
2025-07-31 15:37:10.351 - ✅ [15:37:10.351] POST_PERSIST | ID: 431cce0b-a8a3-461c-9a97-6f4516134021 | Version: 0 | Archived: false | Info: FileName: Certificado Ley Micaela.pdf, PERSISTED
2025-07-31 15:43:47.095 - 💾 [UPLOAD] BEFORE_SAVE_WITH_FILEPATH | ID: 19be2aa2-1dba-4cfc-901f-3505be273166 | FilePath: 33886782/19be2aa2-1dba-4cfc-901f-3505be273166_DNI__Dorso__1753976627095.pdf
2025-07-31 15:43:47.096 - 💾 [REPO] BEFORE_MAPPING | ID: 19be2aa2-1dba-4cfc-901f-3505be273166 | Domain File: DNI (Dorso).pdf | FilePath: 33886782/19be2aa2-1dba-4cfc-901f-3505be273166_DNI__Dorso__1753976627095.pdf | Caller: Unknown
2025-07-31 15:43:47.096 - 💾 [REPO] AFTER_MAPPING  | ID: 19be2aa2-1dba-4cfc-901f-3505be273166 | Entity Version: 0 | Entity File: DNI (Dorso).pdf | Entity FilePath: 33886782/19be2aa2-1dba-4cfc-901f-3505be273166_DNI__Dorso__1753976627095.pdf
2025-07-31 15:43:47.097 - 🔍 [15:43:47.097] PRE_PERSIST  | ID: 19be2aa2-1dba-4cfc-901f-3505be273166 | Version: 0 | Archived: false | Info: FileName: DNI (Dorso).pdf, UploadDate: 2025-07-31T15:43:47.094265899 | Caller: DocumentEntity.debugPrePersist:101
2025-07-31 15:43:47.098 - 💾 [REPO] AFTER_JPA_SAVE | ID: 19be2aa2-1dba-4cfc-901f-3505be273166 | Final Version: 0 | Final File: DNI (Dorso).pdf | Final FilePath: 33886782/19be2aa2-1dba-4cfc-901f-3505be273166_DNI__Dorso__1753976627095.pdf
2025-07-31 15:43:47.100 - ✅ [15:43:47.100] POST_PERSIST | ID: 19be2aa2-1dba-4cfc-901f-3505be273166 | Version: 0 | Archived: false | Info: FileName: DNI (Dorso).pdf, PERSISTED
2025-07-31 15:44:27.596 - 💾 [UPLOAD] BEFORE_SAVE_WITH_FILEPATH | ID: ed8b5f0e-873f-4582-95f5-29bd8613da4e | FilePath: 33886782/ed8b5f0e-873f-4582-95f5-29bd8613da4e_DNI__Frontal__1753976667596.pdf
2025-07-31 15:44:27.597 - 💾 [REPO] BEFORE_MAPPING | ID: ed8b5f0e-873f-4582-95f5-29bd8613da4e | Domain File: DNI (Frontal).pdf | FilePath: 33886782/ed8b5f0e-873f-4582-95f5-29bd8613da4e_DNI__Frontal__1753976667596.pdf | Caller: Unknown
2025-07-31 15:44:27.597 - 💾 [REPO] AFTER_MAPPING  | ID: ed8b5f0e-873f-4582-95f5-29bd8613da4e | Entity Version: 0 | Entity File: DNI (Frontal).pdf | Entity FilePath: 33886782/ed8b5f0e-873f-4582-95f5-29bd8613da4e_DNI__Frontal__1753976667596.pdf
2025-07-31 15:44:27.598 - 🔍 [15:44:27.598] PRE_PERSIST  | ID: ed8b5f0e-873f-4582-95f5-29bd8613da4e | Version: 0 | Archived: false | Info: FileName: DNI (Frontal).pdf, UploadDate: 2025-07-31T15:44:27.595413690 | Caller: DocumentEntity.debugPrePersist:101
2025-07-31 15:44:27.598 - 💾 [REPO] AFTER_JPA_SAVE | ID: ed8b5f0e-873f-4582-95f5-29bd8613da4e | Final Version: 0 | Final File: DNI (Frontal).pdf | Final FilePath: 33886782/ed8b5f0e-873f-4582-95f5-29bd8613da4e_DNI__Frontal__1753976667596.pdf
2025-07-31 15:44:27.601 - ✅ [15:44:27.601] POST_PERSIST | ID: ed8b5f0e-873f-4582-95f5-29bd8613da4e | Version: 0 | Archived: false | Info: FileName: DNI (Frontal).pdf, PERSISTED
2025-07-31 15:45:34.819 - 💾 [UPLOAD] BEFORE_SAVE_WITH_FILEPATH | ID: c7d8a00c-54fb-4ce8-9196-c4061f3a5736 | FilePath: 33886782/c7d8a00c-54fb-4ce8-9196-c4061f3a5736_T_tulo_Universitario_y_Certificado_Anal_tico_1753976734818.pdf
2025-07-31 15:45:34.820 - 💾 [REPO] BEFORE_MAPPING | ID: c7d8a00c-54fb-4ce8-9196-c4061f3a5736 | Domain File: Título Universitario y Certificado Analítico.pdf | FilePath: 33886782/c7d8a00c-54fb-4ce8-9196-c4061f3a5736_T_tulo_Universitario_y_Certificado_Anal_tico_1753976734818.pdf | Caller: Unknown
2025-07-31 15:45:34.820 - 💾 [REPO] AFTER_MAPPING  | ID: c7d8a00c-54fb-4ce8-9196-c4061f3a5736 | Entity Version: 0 | Entity File: Título Universitario y Certificado Analítico.pdf | Entity FilePath: 33886782/c7d8a00c-54fb-4ce8-9196-c4061f3a5736_T_tulo_Universitario_y_Certificado_Anal_tico_1753976734818.pdf
2025-07-31 15:45:34.820 - 🔍 [15:45:34.820] PRE_PERSIST  | ID: c7d8a00c-54fb-4ce8-9196-c4061f3a5736 | Version: 0 | Archived: false | Info: FileName: Título Universitario y Certificado Analítico.pdf, UploadDate: 2025-07-31T15:45:34.818219157 | Caller: DocumentEntity.debugPrePersist:101
2025-07-31 15:45:34.820 - 💾 [REPO] AFTER_JPA_SAVE | ID: c7d8a00c-54fb-4ce8-9196-c4061f3a5736 | Final Version: 0 | Final File: Título Universitario y Certificado Analítico.pdf | Final FilePath: 33886782/c7d8a00c-54fb-4ce8-9196-c4061f3a5736_T_tulo_Universitario_y_Certificado_Anal_tico_1753976734818.pdf
2025-07-31 15:45:34.823 - ✅ [15:45:34.823] POST_PERSIST | ID: c7d8a00c-54fb-4ce8-9196-c4061f3a5736 | Version: 0 | Archived: false | Info: FileName: Título Universitario y Certificado Analítico.pdf, PERSISTED
2025-07-31 15:47:38.660 - 💾 [UPLOAD] BEFORE_SAVE_WITH_FILEPATH | ID: b4a7883e-c794-45ae-a247-a99f15634dc2 | FilePath: 33462634/b4a7883e-c794-45ae-a247-a99f15634dc2_Constancia_de_CUIL_1753976858659.pdf
2025-07-31 15:47:38.660 - 💾 [REPO] BEFORE_MAPPING | ID: b4a7883e-c794-45ae-a247-a99f15634dc2 | Domain File: Constancia de CUIL.pdf | FilePath: 33462634/b4a7883e-c794-45ae-a247-a99f15634dc2_Constancia_de_CUIL_1753976858659.pdf | Caller: Unknown
2025-07-31 15:47:38.660 - 💾 [REPO] AFTER_MAPPING  | ID: b4a7883e-c794-45ae-a247-a99f15634dc2 | Entity Version: 0 | Entity File: Constancia de CUIL.pdf | Entity FilePath: 33462634/b4a7883e-c794-45ae-a247-a99f15634dc2_Constancia_de_CUIL_1753976858659.pdf
2025-07-31 15:47:38.661 - 🔍 [15:47:38.661] PRE_PERSIST  | ID: b4a7883e-c794-45ae-a247-a99f15634dc2 | Version: 0 | Archived: false | Info: FileName: Constancia de CUIL.pdf, UploadDate: 2025-07-31T15:47:38.659246184 | Caller: DocumentEntity.debugPrePersist:101
2025-07-31 15:47:38.661 - 💾 [REPO] AFTER_JPA_SAVE | ID: b4a7883e-c794-45ae-a247-a99f15634dc2 | Final Version: 0 | Final File: Constancia de CUIL.pdf | Final FilePath: 33462634/b4a7883e-c794-45ae-a247-a99f15634dc2_Constancia_de_CUIL_1753976858659.pdf
2025-07-31 15:47:38.664 - ✅ [15:47:38.664] POST_PERSIST | ID: b4a7883e-c794-45ae-a247-a99f15634dc2 | Version: 0 | Archived: false | Info: FileName: Constancia de CUIL.pdf, PERSISTED
2025-07-31 15:47:48.982 - 💾 [UPLOAD] BEFORE_SAVE_WITH_FILEPATH | ID: e6dd1911-99a3-40a7-a593-4ab8131a264d | FilePath: 33462634/e6dd1911-99a3-40a7-a593-4ab8131a264d_Certificado_de_Antecedentes_Penales_1753976868981.pdf
2025-07-31 15:47:48.982 - 💾 [REPO] BEFORE_MAPPING | ID: e6dd1911-99a3-40a7-a593-4ab8131a264d | Domain File: Certificado de Antecedentes Penales.pdf | FilePath: 33462634/e6dd1911-99a3-40a7-a593-4ab8131a264d_Certificado_de_Antecedentes_Penales_1753976868981.pdf | Caller: Unknown
2025-07-31 15:47:48.982 - 💾 [REPO] AFTER_MAPPING  | ID: e6dd1911-99a3-40a7-a593-4ab8131a264d | Entity Version: 0 | Entity File: Certificado de Antecedentes Penales.pdf | Entity FilePath: 33462634/e6dd1911-99a3-40a7-a593-4ab8131a264d_Certificado_de_Antecedentes_Penales_1753976868981.pdf
2025-07-31 15:47:48.985 - 🔍 [15:47:48.985] PRE_PERSIST  | ID: e6dd1911-99a3-40a7-a593-4ab8131a264d | Version: 0 | Archived: false | Info: FileName: Certificado de Antecedentes Penales.pdf, UploadDate: 2025-07-31T15:47:48.981196670 | Caller: DocumentEntity.debugPrePersist:101
2025-07-31 15:47:48.985 - 💾 [REPO] AFTER_JPA_SAVE | ID: e6dd1911-99a3-40a7-a593-4ab8131a264d | Final Version: 0 | Final File: Certificado de Antecedentes Penales.pdf | Final FilePath: 33462634/e6dd1911-99a3-40a7-a593-4ab8131a264d_Certificado_de_Antecedentes_Penales_1753976868981.pdf
2025-07-31 15:47:48.987 - ✅ [15:47:48.987] POST_PERSIST | ID: e6dd1911-99a3-40a7-a593-4ab8131a264d | Version: 0 | Archived: false | Info: FileName: Certificado de Antecedentes Penales.pdf, PERSISTED
2025-07-31 15:49:04.846 - 💾 [REPO] BEFORE_MAPPING | ID: c7d8a00c-54fb-4ce8-9196-c4061f3a5736 | Domain File: Título Universitario y Certificado Analítico.pdf | FilePath: 33886782/ARCHIVED_c7d8a00c-54fb-4ce8-9196-c4061f3a5736_TITULO_UNIVERSITARIO_Y_CERTIFICADO_ANALITICO_20250731_154904.pdf | Caller: Unknown
2025-07-31 15:49:04.846 - 💾 [REPO] AFTER_MAPPING  | ID: c7d8a00c-54fb-4ce8-9196-c4061f3a5736 | Entity Version: 0 | Entity File: Título Universitario y Certificado Analítico.pdf | Entity FilePath: 33886782/ARCHIVED_c7d8a00c-54fb-4ce8-9196-c4061f3a5736_TITULO_UNIVERSITARIO_Y_CERTIFICADO_ANALITICO_20250731_154904.pdf
2025-07-31 15:49:04.847 - 💾 [REPO] AFTER_JPA_SAVE | ID: c7d8a00c-54fb-4ce8-9196-c4061f3a5736 | Final Version: 0 | Final File: Título Universitario y Certificado Analítico.pdf | Final FilePath: 33886782/ARCHIVED_c7d8a00c-54fb-4ce8-9196-c4061f3a5736_TITULO_UNIVERSITARIO_Y_CERTIFICADO_ANALITICO_20250731_154904.pdf
2025-07-31 15:49:04.847 - 🔄 [15:49:04.847] PRE_UPDATE   | ID: c7d8a00c-54fb-4ce8-9196-c4061f3a5736 | Version: 0 | Archived: true | Info: FileName: Título Universitario y Certificado Analítico.pdf, UPDATE | Caller: DocumentEntity.debugPreUpdate:121
2025-07-31 15:49:04.848 - ✅ [15:49:04.848] POST_UPDATE  | ID: c7d8a00c-54fb-4ce8-9196-c4061f3a5736 | Version: 1 | Archived: true | Info: FileName: Título Universitario y Certificado Analítico.pdf, UPDATED
2025-07-31 15:49:15.561 - 💾 [REPO] BEFORE_MAPPING | ID: c7d8a00c-54fb-4ce8-9196-c4061f3a5736 | Domain File: Título Universitario y Certificado Analítico.pdf | FilePath: 33886782/ARCHIVED_c7d8a00c-54fb-4ce8-9196-c4061f3a5736_TITULO_UNIVERSITARIO_Y_CERTIFICADO_ANALITICO_20250731_154915.pdf | Caller: Unknown
2025-07-31 15:49:15.561 - 💾 [REPO] AFTER_MAPPING  | ID: c7d8a00c-54fb-4ce8-9196-c4061f3a5736 | Entity Version: 0 | Entity File: Título Universitario y Certificado Analítico.pdf | Entity FilePath: 33886782/ARCHIVED_c7d8a00c-54fb-4ce8-9196-c4061f3a5736_TITULO_UNIVERSITARIO_Y_CERTIFICADO_ANALITICO_20250731_154915.pdf
2025-07-31 15:50:00.302 - 💾 [UPLOAD] BEFORE_SAVE_WITH_FILEPATH | ID: c37ce421-b280-45fc-854d-a85f4c1c0fe7 | FilePath: 31084248/c37ce421-b280-45fc-854d-a85f4c1c0fe7_DNI__Frontal__1753977000302.pdf
2025-07-31 15:50:00.303 - 💾 [REPO] BEFORE_MAPPING | ID: c37ce421-b280-45fc-854d-a85f4c1c0fe7 | Domain File: DNI (Frontal).pdf | FilePath: 31084248/c37ce421-b280-45fc-854d-a85f4c1c0fe7_DNI__Frontal__1753977000302.pdf | Caller: Unknown
2025-07-31 15:50:00.304 - 💾 [REPO] AFTER_MAPPING  | ID: c37ce421-b280-45fc-854d-a85f4c1c0fe7 | Entity Version: 0 | Entity File: DNI (Frontal).pdf | Entity FilePath: 31084248/c37ce421-b280-45fc-854d-a85f4c1c0fe7_DNI__Frontal__1753977000302.pdf
2025-07-31 15:50:00.305 - 🔍 [15:50:00.305] PRE_PERSIST  | ID: c37ce421-b280-45fc-854d-a85f4c1c0fe7 | Version: 0 | Archived: false | Info: FileName: DNI (Frontal).pdf, UploadDate: 2025-07-31T15:50:00.301258052 | Caller: DocumentEntity.debugPrePersist:101
2025-07-31 15:50:00.305 - 💾 [REPO] AFTER_JPA_SAVE | ID: c37ce421-b280-45fc-854d-a85f4c1c0fe7 | Final Version: 0 | Final File: DNI (Frontal).pdf | Final FilePath: 31084248/c37ce421-b280-45fc-854d-a85f4c1c0fe7_DNI__Frontal__1753977000302.pdf
2025-07-31 15:50:00.309 - ✅ [15:50:00.309] POST_PERSIST | ID: c37ce421-b280-45fc-854d-a85f4c1c0fe7 | Version: 0 | Archived: false | Info: FileName: DNI (Frontal).pdf, PERSISTED
2025-07-31 15:50:01.883 - 💾 [UPLOAD] BEFORE_SAVE_WITH_FILEPATH | ID: cf823da0-e28a-43db-971b-ff8ac816a39c | FilePath: 33462634/cf823da0-e28a-43db-971b-ff8ac816a39c_Certificado_Ley_Micaela_1753977001881.pdf
2025-07-31 15:50:01.885 - 💾 [REPO] BEFORE_MAPPING | ID: cf823da0-e28a-43db-971b-ff8ac816a39c | Domain File: Certificado Ley Micaela.pdf | FilePath: 33462634/cf823da0-e28a-43db-971b-ff8ac816a39c_Certificado_Ley_Micaela_1753977001881.pdf | Caller: Unknown
2025-07-31 15:50:01.885 - 💾 [REPO] AFTER_MAPPING  | ID: cf823da0-e28a-43db-971b-ff8ac816a39c | Entity Version: 0 | Entity File: Certificado Ley Micaela.pdf | Entity FilePath: 33462634/cf823da0-e28a-43db-971b-ff8ac816a39c_Certificado_Ley_Micaela_1753977001881.pdf
2025-07-31 15:50:01.887 - 🔍 [15:50:01.886] PRE_PERSIST  | ID: cf823da0-e28a-43db-971b-ff8ac816a39c | Version: 0 | Archived: false | Info: FileName: Certificado Ley Micaela.pdf, UploadDate: 2025-07-31T15:50:01.879793369 | Caller: DocumentEntity.debugPrePersist:101
2025-07-31 15:50:01.887 - 💾 [REPO] AFTER_JPA_SAVE | ID: cf823da0-e28a-43db-971b-ff8ac816a39c | Final Version: 0 | Final File: Certificado Ley Micaela.pdf | Final FilePath: 33462634/cf823da0-e28a-43db-971b-ff8ac816a39c_Certificado_Ley_Micaela_1753977001881.pdf
2025-07-31 15:50:04.431 - ✅ [15:50:04.431] POST_PERSIST | ID: cf823da0-e28a-43db-971b-ff8ac816a39c | Version: 0 | Archived: false | Info: FileName: Certificado Ley Micaela.pdf, PERSISTED
2025-07-31 15:50:19.431 - 💾 [UPLOAD] BEFORE_SAVE_WITH_FILEPATH | ID: e09d913f-58f8-4063-afa3-e2226a07bbeb | FilePath: 31084248/e09d913f-58f8-4063-afa3-e2226a07bbeb_DNI__Dorso__1753977019430.pdf
2025-07-31 15:50:19.432 - 💾 [REPO] BEFORE_MAPPING | ID: e09d913f-58f8-4063-afa3-e2226a07bbeb | Domain File: DNI (Dorso).pdf | FilePath: 31084248/e09d913f-58f8-4063-afa3-e2226a07bbeb_DNI__Dorso__1753977019430.pdf | Caller: Unknown
2025-07-31 15:50:19.432 - 💾 [REPO] AFTER_MAPPING  | ID: e09d913f-58f8-4063-afa3-e2226a07bbeb | Entity Version: 0 | Entity File: DNI (Dorso).pdf | Entity FilePath: 31084248/e09d913f-58f8-4063-afa3-e2226a07bbeb_DNI__Dorso__1753977019430.pdf
2025-07-31 15:50:19.433 - 🔍 [15:50:19.433] PRE_PERSIST  | ID: e09d913f-58f8-4063-afa3-e2226a07bbeb | Version: 0 | Archived: false | Info: FileName: DNI (Dorso).pdf, UploadDate: 2025-07-31T15:50:19.429173762 | Caller: DocumentEntity.debugPrePersist:101
2025-07-31 15:50:19.433 - 💾 [REPO] AFTER_JPA_SAVE | ID: e09d913f-58f8-4063-afa3-e2226a07bbeb | Final Version: 0 | Final File: DNI (Dorso).pdf | Final FilePath: 31084248/e09d913f-58f8-4063-afa3-e2226a07bbeb_DNI__Dorso__1753977019430.pdf
2025-07-31 15:50:19.436 - ✅ [15:50:19.436] POST_PERSIST | ID: e09d913f-58f8-4063-afa3-e2226a07bbeb | Version: 0 | Archived: false | Info: FileName: DNI (Dorso).pdf, PERSISTED
2025-07-31 15:51:02.924 - 💾 [UPLOAD] BEFORE_SAVE_WITH_FILEPATH | ID: 19cfc0d7-4299-423c-acc6-a22e2ced1942 | FilePath: 33886782/19cfc0d7-4299-423c-acc6-a22e2ced1942_Constancia_de_CUIL_1753977062924.pdf
2025-07-31 15:51:02.927 - 💾 [REPO] BEFORE_MAPPING | ID: 19cfc0d7-4299-423c-acc6-a22e2ced1942 | Domain File: Constancia de CUIL.pdf | FilePath: 33886782/19cfc0d7-4299-423c-acc6-a22e2ced1942_Constancia_de_CUIL_1753977062924.pdf | Caller: Unknown
2025-07-31 15:51:02.927 - 💾 [REPO] AFTER_MAPPING  | ID: 19cfc0d7-4299-423c-acc6-a22e2ced1942 | Entity Version: 0 | Entity File: Constancia de CUIL.pdf | Entity FilePath: 33886782/19cfc0d7-4299-423c-acc6-a22e2ced1942_Constancia_de_CUIL_1753977062924.pdf
2025-07-31 15:51:02.928 - 🔍 [15:51:02.928] PRE_PERSIST  | ID: 19cfc0d7-4299-423c-acc6-a22e2ced1942 | Version: 0 | Archived: false | Info: FileName: Constancia de CUIL.pdf, UploadDate: 2025-07-31T15:51:02.923473478 | Caller: DocumentEntity.debugPrePersist:101
2025-07-31 15:51:02.928 - 💾 [REPO] AFTER_JPA_SAVE | ID: 19cfc0d7-4299-423c-acc6-a22e2ced1942 | Final Version: 0 | Final File: Constancia de CUIL.pdf | Final FilePath: 33886782/19cfc0d7-4299-423c-acc6-a22e2ced1942_Constancia_de_CUIL_1753977062924.pdf
2025-07-31 15:51:02.931 - ✅ [15:51:02.931] POST_PERSIST | ID: 19cfc0d7-4299-423c-acc6-a22e2ced1942 | Version: 0 | Archived: false | Info: FileName: Constancia de CUIL.pdf, PERSISTED
2025-07-31 15:51:03.685 - 💾 [UPLOAD] BEFORE_SAVE_WITH_FILEPATH | ID: 789f2365-1aef-4065-b7a1-1264a7534801 | FilePath: 31084248/789f2365-1aef-4065-b7a1-1264a7534801_Certificado_de_Antecedentes_Penales_1753977063684.pdf
2025-07-31 15:51:03.686 - 💾 [REPO] BEFORE_MAPPING | ID: 789f2365-1aef-4065-b7a1-1264a7534801 | Domain File: Certificado de Antecedentes Penales.pdf | FilePath: 31084248/789f2365-1aef-4065-b7a1-1264a7534801_Certificado_de_Antecedentes_Penales_1753977063684.pdf | Caller: Unknown
2025-07-31 15:51:03.686 - 💾 [REPO] AFTER_MAPPING  | ID: 789f2365-1aef-4065-b7a1-1264a7534801 | Entity Version: 0 | Entity File: Certificado de Antecedentes Penales.pdf | Entity FilePath: 31084248/789f2365-1aef-4065-b7a1-1264a7534801_Certificado_de_Antecedentes_Penales_1753977063684.pdf
2025-07-31 15:51:03.690 - 🔍 [15:51:03.690] PRE_PERSIST  | ID: 789f2365-1aef-4065-b7a1-1264a7534801 | Version: 0 | Archived: false | Info: FileName: Certificado de Antecedentes Penales.pdf, UploadDate: 2025-07-31T15:51:03.683043505 | Caller: DocumentEntity.debugPrePersist:101
2025-07-31 15:51:03.691 - 💾 [REPO] AFTER_JPA_SAVE | ID: 789f2365-1aef-4065-b7a1-1264a7534801 | Final Version: 0 | Final File: Certificado de Antecedentes Penales.pdf | Final FilePath: 31084248/789f2365-1aef-4065-b7a1-1264a7534801_Certificado_de_Antecedentes_Penales_1753977063684.pdf
2025-07-31 15:51:03.946 - ✅ [15:51:03.946] POST_PERSIST | ID: 789f2365-1aef-4065-b7a1-1264a7534801 | Version: 0 | Archived: false | Info: FileName: Certificado de Antecedentes Penales.pdf, PERSISTED
2025-07-31 15:52:21.538 - 💾 [UPLOAD] BEFORE_SAVE_WITH_FILEPATH | ID: a207bdeb-cc93-4a9e-9480-37dac29b35ed | FilePath: 33886782/a207bdeb-cc93-4a9e-9480-37dac29b35ed_Documento_Adicional_1753977141537.pdf
2025-07-31 15:52:21.539 - 💾 [REPO] BEFORE_MAPPING | ID: a207bdeb-cc93-4a9e-9480-37dac29b35ed | Domain File: Documento Adicional.pdf | FilePath: 33886782/a207bdeb-cc93-4a9e-9480-37dac29b35ed_Documento_Adicional_1753977141537.pdf | Caller: Unknown
2025-07-31 15:52:21.539 - 💾 [REPO] AFTER_MAPPING  | ID: a207bdeb-cc93-4a9e-9480-37dac29b35ed | Entity Version: 0 | Entity File: Documento Adicional.pdf | Entity FilePath: 33886782/a207bdeb-cc93-4a9e-9480-37dac29b35ed_Documento_Adicional_1753977141537.pdf
2025-07-31 15:52:21.540 - 🔍 [15:52:21.540] PRE_PERSIST  | ID: a207bdeb-cc93-4a9e-9480-37dac29b35ed | Version: 0 | Archived: false | Info: FileName: Documento Adicional.pdf, UploadDate: 2025-07-31T15:52:21.536699171 | Caller: DocumentEntity.debugPrePersist:101
2025-07-31 15:52:21.541 - 💾 [REPO] AFTER_JPA_SAVE | ID: a207bdeb-cc93-4a9e-9480-37dac29b35ed | Final Version: 0 | Final File: Documento Adicional.pdf | Final FilePath: 33886782/a207bdeb-cc93-4a9e-9480-37dac29b35ed_Documento_Adicional_1753977141537.pdf
2025-07-31 15:52:21.543 - ✅ [15:52:21.543] POST_PERSIST | ID: a207bdeb-cc93-4a9e-9480-37dac29b35ed | Version: 0 | Archived: false | Info: FileName: Documento Adicional.pdf, PERSISTED
2025-07-31 15:52:33.569 - 💾 [UPLOAD] BEFORE_SAVE_WITH_FILEPATH | ID: a182d739-ccda-4047-bdeb-4d03b3a4baee | FilePath: 33462634/a182d739-ccda-4047-bdeb-4d03b3a4baee_T_tulo_Universitario_y_Certificado_Anal_tico_1753977153567.pdf
2025-07-31 15:52:33.569 - 💾 [REPO] BEFORE_MAPPING | ID: a182d739-ccda-4047-bdeb-4d03b3a4baee | Domain File: Título Universitario y Certificado Analítico.pdf | FilePath: 33462634/a182d739-ccda-4047-bdeb-4d03b3a4baee_T_tulo_Universitario_y_Certificado_Anal_tico_1753977153567.pdf | Caller: Unknown
2025-07-31 15:52:33.569 - 💾 [REPO] AFTER_MAPPING  | ID: a182d739-ccda-4047-bdeb-4d03b3a4baee | Entity Version: 0 | Entity File: Título Universitario y Certificado Analítico.pdf | Entity FilePath: 33462634/a182d739-ccda-4047-bdeb-4d03b3a4baee_T_tulo_Universitario_y_Certificado_Anal_tico_1753977153567.pdf
2025-07-31 15:52:33.570 - 🔍 [15:52:33.570] PRE_PERSIST  | ID: a182d739-ccda-4047-bdeb-4d03b3a4baee | Version: 0 | Archived: false | Info: FileName: Título Universitario y Certificado Analítico.pdf, UploadDate: 2025-07-31T15:52:33.567040442 | Caller: DocumentEntity.debugPrePersist:101
2025-07-31 15:52:33.570 - 💾 [REPO] AFTER_JPA_SAVE | ID: a182d739-ccda-4047-bdeb-4d03b3a4baee | Final Version: 0 | Final File: Título Universitario y Certificado Analítico.pdf | Final FilePath: 33462634/a182d739-ccda-4047-bdeb-4d03b3a4baee_T_tulo_Universitario_y_Certificado_Anal_tico_1753977153567.pdf
2025-07-31 15:52:33.575 - ✅ [15:52:33.575] POST_PERSIST | ID: a182d739-ccda-4047-bdeb-4d03b3a4baee | Version: 0 | Archived: false | Info: FileName: Título Universitario y Certificado Analítico.pdf, PERSISTED
2025-07-31 15:58:35.135 - 💾 [UPLOAD] BEFORE_SAVE_WITH_FILEPATH | ID: 62a7a9a8-bb1a-48f0-b131-ea8742ce93d4 | FilePath: 33886782/62a7a9a8-bb1a-48f0-b131-ea8742ce93d4_T_tulo_Universitario_y_Certificado_Anal_tico_1753977515134.pdf
2025-07-31 15:58:35.136 - 💾 [REPO] BEFORE_MAPPING | ID: 62a7a9a8-bb1a-48f0-b131-ea8742ce93d4 | Domain File: Título Universitario y Certificado Analítico.pdf | FilePath: 33886782/62a7a9a8-bb1a-48f0-b131-ea8742ce93d4_T_tulo_Universitario_y_Certificado_Anal_tico_1753977515134.pdf | Caller: Unknown
2025-07-31 15:58:35.136 - 💾 [REPO] AFTER_MAPPING  | ID: 62a7a9a8-bb1a-48f0-b131-ea8742ce93d4 | Entity Version: 0 | Entity File: Título Universitario y Certificado Analítico.pdf | Entity FilePath: 33886782/62a7a9a8-bb1a-48f0-b131-ea8742ce93d4_T_tulo_Universitario_y_Certificado_Anal_tico_1753977515134.pdf
2025-07-31 15:58:35.137 - 🔍 [15:58:35.137] PRE_PERSIST  | ID: 62a7a9a8-bb1a-48f0-b131-ea8742ce93d4 | Version: 0 | Archived: false | Info: FileName: Título Universitario y Certificado Analítico.pdf, UploadDate: 2025-07-31T15:58:35.134413425 | Caller: DocumentEntity.debugPrePersist:101
2025-07-31 15:58:35.137 - 💾 [REPO] AFTER_JPA_SAVE | ID: 62a7a9a8-bb1a-48f0-b131-ea8742ce93d4 | Final Version: 0 | Final File: Título Universitario y Certificado Analítico.pdf | Final FilePath: 33886782/62a7a9a8-bb1a-48f0-b131-ea8742ce93d4_T_tulo_Universitario_y_Certificado_Anal_tico_1753977515134.pdf
2025-07-31 15:58:35.141 - ✅ [15:58:35.141] POST_PERSIST | ID: 62a7a9a8-bb1a-48f0-b131-ea8742ce93d4 | Version: 0 | Archived: false | Info: FileName: Título Universitario y Certificado Analítico.pdf, PERSISTED
2025-07-31 15:59:37.550 - 💾 [UPLOAD] BEFORE_SAVE_WITH_FILEPATH | ID: 2922c20c-2f90-4ac6-a151-98f12ae3eefd | FilePath: 33462634/2922c20c-2f90-4ac6-a151-98f12ae3eefd_DNI__Dorso__1753977577549.pdf
2025-07-31 15:59:37.551 - 💾 [REPO] BEFORE_MAPPING | ID: 2922c20c-2f90-4ac6-a151-98f12ae3eefd | Domain File: DNI (Dorso).pdf | FilePath: 33462634/2922c20c-2f90-4ac6-a151-98f12ae3eefd_DNI__Dorso__1753977577549.pdf | Caller: Unknown
2025-07-31 15:59:37.551 - 💾 [REPO] AFTER_MAPPING  | ID: 2922c20c-2f90-4ac6-a151-98f12ae3eefd | Entity Version: 0 | Entity File: DNI (Dorso).pdf | Entity FilePath: 33462634/2922c20c-2f90-4ac6-a151-98f12ae3eefd_DNI__Dorso__1753977577549.pdf
2025-07-31 15:59:37.552 - 🔍 [15:59:37.551] PRE_PERSIST  | ID: 2922c20c-2f90-4ac6-a151-98f12ae3eefd | Version: 0 | Archived: false | Info: FileName: DNI (Dorso).pdf, UploadDate: 2025-07-31T15:59:37.549057039 | Caller: DocumentEntity.debugPrePersist:101
2025-07-31 15:59:37.552 - 💾 [REPO] AFTER_JPA_SAVE | ID: 2922c20c-2f90-4ac6-a151-98f12ae3eefd | Final Version: 0 | Final File: DNI (Dorso).pdf | Final FilePath: 33462634/2922c20c-2f90-4ac6-a151-98f12ae3eefd_DNI__Dorso__1753977577549.pdf
2025-07-31 15:59:37.554 - ✅ [15:59:37.554] POST_PERSIST | ID: 2922c20c-2f90-4ac6-a151-98f12ae3eefd | Version: 0 | Archived: false | Info: FileName: DNI (Dorso).pdf, PERSISTED
2025-07-31 15:59:45.142 - 💾 [UPLOAD] BEFORE_SAVE_WITH_FILEPATH | ID: aea6b367-c6cc-41c5-abf1-8b4883000d42 | FilePath: 33462634/aea6b367-c6cc-41c5-abf1-8b4883000d42_DNI__Frontal__1753977585141.pdf
2025-07-31 15:59:45.143 - 💾 [REPO] BEFORE_MAPPING | ID: aea6b367-c6cc-41c5-abf1-8b4883000d42 | Domain File: DNI (Frontal).pdf | FilePath: 33462634/aea6b367-c6cc-41c5-abf1-8b4883000d42_DNI__Frontal__1753977585141.pdf | Caller: Unknown
2025-07-31 15:59:45.143 - 💾 [REPO] AFTER_MAPPING  | ID: aea6b367-c6cc-41c5-abf1-8b4883000d42 | Entity Version: 0 | Entity File: DNI (Frontal).pdf | Entity FilePath: 33462634/aea6b367-c6cc-41c5-abf1-8b4883000d42_DNI__Frontal__1753977585141.pdf
2025-07-31 15:59:45.144 - 🔍 [15:59:45.143] PRE_PERSIST  | ID: aea6b367-c6cc-41c5-abf1-8b4883000d42 | Version: 0 | Archived: false | Info: FileName: DNI (Frontal).pdf, UploadDate: 2025-07-31T15:59:45.141111030 | Caller: DocumentEntity.debugPrePersist:101
2025-07-31 15:59:45.144 - 💾 [REPO] AFTER_JPA_SAVE | ID: aea6b367-c6cc-41c5-abf1-8b4883000d42 | Final Version: 0 | Final File: DNI (Frontal).pdf | Final FilePath: 33462634/aea6b367-c6cc-41c5-abf1-8b4883000d42_DNI__Frontal__1753977585141.pdf
2025-07-31 15:59:45.146 - ✅ [15:59:45.146] POST_PERSIST | ID: aea6b367-c6cc-41c5-abf1-8b4883000d42 | Version: 0 | Archived: false | Info: FileName: DNI (Frontal).pdf, PERSISTED
2025-07-31 17:12:44.469 - 💾 [UPLOAD] BEFORE_SAVE_WITH_FILEPATH | ID: a360a1aa-6cd4-459d-9b2e-c0375c8d6c4f | FilePath: 40271004/a360a1aa-6cd4-459d-9b2e-c0375c8d6c4f_DNI__Frontal__1753981964468.pdf
2025-07-31 17:12:44.470 - 💾 [REPO] BEFORE_MAPPING | ID: a360a1aa-6cd4-459d-9b2e-c0375c8d6c4f | Domain File: DNI (Frontal).pdf | FilePath: 40271004/a360a1aa-6cd4-459d-9b2e-c0375c8d6c4f_DNI__Frontal__1753981964468.pdf | Caller: Unknown
2025-07-31 17:12:44.470 - 💾 [REPO] AFTER_MAPPING  | ID: a360a1aa-6cd4-459d-9b2e-c0375c8d6c4f | Entity Version: 0 | Entity File: DNI (Frontal).pdf | Entity FilePath: 40271004/a360a1aa-6cd4-459d-9b2e-c0375c8d6c4f_DNI__Frontal__1753981964468.pdf
2025-07-31 17:12:44.471 - 🔍 [17:12:44.470] PRE_PERSIST  | ID: a360a1aa-6cd4-459d-9b2e-c0375c8d6c4f | Version: 0 | Archived: false | Info: FileName: DNI (Frontal).pdf, UploadDate: 2025-07-31T17:12:44.468094096 | Caller: DocumentEntity.debugPrePersist:101
2025-07-31 17:12:44.471 - 💾 [REPO] AFTER_JPA_SAVE | ID: a360a1aa-6cd4-459d-9b2e-c0375c8d6c4f | Final Version: 0 | Final File: DNI (Frontal).pdf | Final FilePath: 40271004/a360a1aa-6cd4-459d-9b2e-c0375c8d6c4f_DNI__Frontal__1753981964468.pdf
2025-07-31 17:12:44.473 - ✅ [17:12:44.473] POST_PERSIST | ID: a360a1aa-6cd4-459d-9b2e-c0375c8d6c4f | Version: 0 | Archived: false | Info: FileName: DNI (Frontal).pdf, PERSISTED
2025-07-31 17:13:55.657 - 💾 [UPLOAD] BEFORE_SAVE_WITH_FILEPATH | ID: beae60fc-2691-4d97-a048-7f10352b6d5f | FilePath: 40271004/beae60fc-2691-4d97-a048-7f10352b6d5f_DNI__Dorso__1753982035657.pdf
2025-07-31 17:13:55.658 - 💾 [REPO] BEFORE_MAPPING | ID: beae60fc-2691-4d97-a048-7f10352b6d5f | Domain File: DNI (Dorso).pdf | FilePath: 40271004/beae60fc-2691-4d97-a048-7f10352b6d5f_DNI__Dorso__1753982035657.pdf | Caller: Unknown
2025-07-31 17:13:55.658 - 💾 [REPO] AFTER_MAPPING  | ID: beae60fc-2691-4d97-a048-7f10352b6d5f | Entity Version: 0 | Entity File: DNI (Dorso).pdf | Entity FilePath: 40271004/beae60fc-2691-4d97-a048-7f10352b6d5f_DNI__Dorso__1753982035657.pdf
2025-07-31 17:13:55.659 - 🔍 [17:13:55.658] PRE_PERSIST  | ID: beae60fc-2691-4d97-a048-7f10352b6d5f | Version: 0 | Archived: false | Info: FileName: DNI (Dorso).pdf, UploadDate: 2025-07-31T17:13:55.656550844 | Caller: DocumentEntity.debugPrePersist:101
2025-07-31 17:13:55.659 - 💾 [REPO] AFTER_JPA_SAVE | ID: beae60fc-2691-4d97-a048-7f10352b6d5f | Final Version: 0 | Final File: DNI (Dorso).pdf | Final FilePath: 40271004/beae60fc-2691-4d97-a048-7f10352b6d5f_DNI__Dorso__1753982035657.pdf
2025-07-31 17:13:55.661 - ✅ [17:13:55.661] POST_PERSIST | ID: beae60fc-2691-4d97-a048-7f10352b6d5f | Version: 0 | Archived: false | Info: FileName: DNI (Dorso).pdf, PERSISTED
2025-07-31 17:19:57.325 - 💾 [UPLOAD] BEFORE_SAVE_WITH_FILEPATH | ID: 7e3e63fc-793d-4aff-8b87-9318df6c844b | FilePath: 40271004/7e3e63fc-793d-4aff-8b87-9318df6c844b_T_tulo_Universitario_y_Certificado_Anal_tico_1753982397324.pdf
2025-07-31 17:19:57.326 - 💾 [REPO] BEFORE_MAPPING | ID: 7e3e63fc-793d-4aff-8b87-9318df6c844b | Domain File: Título Universitario y Certificado Analítico.pdf | FilePath: 40271004/7e3e63fc-793d-4aff-8b87-9318df6c844b_T_tulo_Universitario_y_Certificado_Anal_tico_1753982397324.pdf | Caller: Unknown
2025-07-31 17:19:57.326 - 💾 [REPO] AFTER_MAPPING  | ID: 7e3e63fc-793d-4aff-8b87-9318df6c844b | Entity Version: 0 | Entity File: Título Universitario y Certificado Analítico.pdf | Entity FilePath: 40271004/7e3e63fc-793d-4aff-8b87-9318df6c844b_T_tulo_Universitario_y_Certificado_Anal_tico_1753982397324.pdf
2025-07-31 17:19:57.327 - 🔍 [17:19:57.327] PRE_PERSIST  | ID: 7e3e63fc-793d-4aff-8b87-9318df6c844b | Version: 0 | Archived: false | Info: FileName: Título Universitario y Certificado Analítico.pdf, UploadDate: 2025-07-31T17:19:57.322923128 | Caller: DocumentEntity.debugPrePersist:101
2025-07-31 17:19:57.328 - 💾 [REPO] AFTER_JPA_SAVE | ID: 7e3e63fc-793d-4aff-8b87-9318df6c844b | Final Version: 0 | Final File: Título Universitario y Certificado Analítico.pdf | Final FilePath: 40271004/7e3e63fc-793d-4aff-8b87-9318df6c844b_T_tulo_Universitario_y_Certificado_Anal_tico_1753982397324.pdf
2025-07-31 17:19:57.330 - ✅ [17:19:57.330] POST_PERSIST | ID: 7e3e63fc-793d-4aff-8b87-9318df6c844b | Version: 0 | Archived: false | Info: FileName: Título Universitario y Certificado Analítico.pdf, PERSISTED
2025-07-31 17:22:36.426 - 💾 [UPLOAD] BEFORE_SAVE_WITH_FILEPATH | ID: 7d6ee3fa-6fa7-4b5b-84b8-973043970bcc | FilePath: 40271004/7d6ee3fa-6fa7-4b5b-84b8-973043970bcc_Certificado_Ley_Micaela_1753982556425.pdf
2025-07-31 17:22:36.427 - 💾 [REPO] BEFORE_MAPPING | ID: 7d6ee3fa-6fa7-4b5b-84b8-973043970bcc | Domain File: Certificado Ley Micaela.pdf | FilePath: 40271004/7d6ee3fa-6fa7-4b5b-84b8-973043970bcc_Certificado_Ley_Micaela_1753982556425.pdf | Caller: Unknown
2025-07-31 17:22:36.427 - 💾 [REPO] AFTER_MAPPING  | ID: 7d6ee3fa-6fa7-4b5b-84b8-973043970bcc | Entity Version: 0 | Entity File: Certificado Ley Micaela.pdf | Entity FilePath: 40271004/7d6ee3fa-6fa7-4b5b-84b8-973043970bcc_Certificado_Ley_Micaela_1753982556425.pdf
2025-07-31 17:22:36.428 - 🔍 [17:22:36.427] PRE_PERSIST  | ID: 7d6ee3fa-6fa7-4b5b-84b8-973043970bcc | Version: 0 | Archived: false | Info: FileName: Certificado Ley Micaela.pdf, UploadDate: 2025-07-31T17:22:36.424912607 | Caller: DocumentEntity.debugPrePersist:101
2025-07-31 17:22:36.428 - 💾 [REPO] AFTER_JPA_SAVE | ID: 7d6ee3fa-6fa7-4b5b-84b8-973043970bcc | Final Version: 0 | Final File: Certificado Ley Micaela.pdf | Final FilePath: 40271004/7d6ee3fa-6fa7-4b5b-84b8-973043970bcc_Certificado_Ley_Micaela_1753982556425.pdf
2025-07-31 17:22:36.430 - ✅ [17:22:36.430] POST_PERSIST | ID: 7d6ee3fa-6fa7-4b5b-84b8-973043970bcc | Version: 0 | Archived: false | Info: FileName: Certificado Ley Micaela.pdf, PERSISTED
2025-07-31 17:46:05.083 - 💾 [UPLOAD] BEFORE_SAVE_WITH_FILEPATH | ID: d3a0390e-5906-4fe9-83ce-e3dfb054a8b2 | FilePath: 24866484/d3a0390e-5906-4fe9-83ce-e3dfb054a8b2_DNI__Dorso__1753983965082.pdf
2025-07-31 17:46:05.083 - 💾 [REPO] BEFORE_MAPPING | ID: d3a0390e-5906-4fe9-83ce-e3dfb054a8b2 | Domain File: DNI (Dorso).pdf | FilePath: 24866484/d3a0390e-5906-4fe9-83ce-e3dfb054a8b2_DNI__Dorso__1753983965082.pdf | Caller: Unknown
2025-07-31 17:46:05.083 - 💾 [REPO] AFTER_MAPPING  | ID: d3a0390e-5906-4fe9-83ce-e3dfb054a8b2 | Entity Version: 0 | Entity File: DNI (Dorso).pdf | Entity FilePath: 24866484/d3a0390e-5906-4fe9-83ce-e3dfb054a8b2_DNI__Dorso__1753983965082.pdf
2025-07-31 17:46:05.084 - 🔍 [17:46:05.084] PRE_PERSIST  | ID: d3a0390e-5906-4fe9-83ce-e3dfb054a8b2 | Version: 0 | Archived: false | Info: FileName: DNI (Dorso).pdf, UploadDate: 2025-07-31T17:46:05.082209536 | Caller: DocumentEntity.debugPrePersist:101
2025-07-31 17:46:05.084 - 💾 [REPO] AFTER_JPA_SAVE | ID: d3a0390e-5906-4fe9-83ce-e3dfb054a8b2 | Final Version: 0 | Final File: DNI (Dorso).pdf | Final FilePath: 24866484/d3a0390e-5906-4fe9-83ce-e3dfb054a8b2_DNI__Dorso__1753983965082.pdf
2025-07-31 17:46:05.086 - ✅ [17:46:05.086] POST_PERSIST | ID: d3a0390e-5906-4fe9-83ce-e3dfb054a8b2 | Version: 0 | Archived: false | Info: FileName: DNI (Dorso).pdf, PERSISTED
2025-07-31 17:46:58.952 - 💾 [UPLOAD] BEFORE_SAVE_WITH_FILEPATH | ID: 8f2dd7ca-dbf0-4256-8bc2-792d12d3b446 | FilePath: 24866484/8f2dd7ca-dbf0-4256-8bc2-792d12d3b446_Certificado_de_Antig_edad_Profesional_1753984018951.pdf
2025-07-31 17:46:58.952 - 💾 [REPO] BEFORE_MAPPING | ID: 8f2dd7ca-dbf0-4256-8bc2-792d12d3b446 | Domain File: Certificado de Antigüedad Profesional.pdf | FilePath: 24866484/8f2dd7ca-dbf0-4256-8bc2-792d12d3b446_Certificado_de_Antig_edad_Profesional_1753984018951.pdf | Caller: Unknown
2025-07-31 17:46:58.952 - 💾 [REPO] AFTER_MAPPING  | ID: 8f2dd7ca-dbf0-4256-8bc2-792d12d3b446 | Entity Version: 0 | Entity File: Certificado de Antigüedad Profesional.pdf | Entity FilePath: 24866484/8f2dd7ca-dbf0-4256-8bc2-792d12d3b446_Certificado_de_Antig_edad_Profesional_1753984018951.pdf
2025-07-31 17:46:58.953 - 🔍 [17:46:58.953] PRE_PERSIST  | ID: 8f2dd7ca-dbf0-4256-8bc2-792d12d3b446 | Version: 0 | Archived: false | Info: FileName: Certificado de Antigüedad Profesional.pdf, UploadDate: 2025-07-31T17:46:58.951037685 | Caller: DocumentEntity.debugPrePersist:101
2025-07-31 17:46:58.953 - 💾 [REPO] AFTER_JPA_SAVE | ID: 8f2dd7ca-dbf0-4256-8bc2-792d12d3b446 | Final Version: 0 | Final File: Certificado de Antigüedad Profesional.pdf | Final FilePath: 24866484/8f2dd7ca-dbf0-4256-8bc2-792d12d3b446_Certificado_de_Antig_edad_Profesional_1753984018951.pdf
2025-07-31 17:46:58.956 - ✅ [17:46:58.956] POST_PERSIST | ID: 8f2dd7ca-dbf0-4256-8bc2-792d12d3b446 | Version: 0 | Archived: false | Info: FileName: Certificado de Antigüedad Profesional.pdf, PERSISTED
2025-07-31 17:47:54.409 - 💾 [UPLOAD] BEFORE_SAVE_WITH_FILEPATH | ID: 07ab017c-ff96-48c1-b417-af15a21f4c24 | FilePath: 24866484/07ab017c-ff96-48c1-b417-af15a21f4c24_Constancia_de_CUIL_1753984074408.pdf
2025-07-31 17:47:54.409 - 💾 [REPO] BEFORE_MAPPING | ID: 07ab017c-ff96-48c1-b417-af15a21f4c24 | Domain File: Constancia de CUIL.pdf | FilePath: 24866484/07ab017c-ff96-48c1-b417-af15a21f4c24_Constancia_de_CUIL_1753984074408.pdf | Caller: Unknown
2025-07-31 17:47:54.410 - 💾 [REPO] AFTER_MAPPING  | ID: 07ab017c-ff96-48c1-b417-af15a21f4c24 | Entity Version: 0 | Entity File: Constancia de CUIL.pdf | Entity FilePath: 24866484/07ab017c-ff96-48c1-b417-af15a21f4c24_Constancia_de_CUIL_1753984074408.pdf
2025-07-31 17:47:54.411 - 🔍 [17:47:54.410] PRE_PERSIST  | ID: 07ab017c-ff96-48c1-b417-af15a21f4c24 | Version: 0 | Archived: false | Info: FileName: Constancia de CUIL.pdf, UploadDate: 2025-07-31T17:47:54.407442760 | Caller: DocumentEntity.debugPrePersist:101
2025-07-31 17:47:54.411 - 💾 [REPO] AFTER_JPA_SAVE | ID: 07ab017c-ff96-48c1-b417-af15a21f4c24 | Final Version: 0 | Final File: Constancia de CUIL.pdf | Final FilePath: 24866484/07ab017c-ff96-48c1-b417-af15a21f4c24_Constancia_de_CUIL_1753984074408.pdf
2025-07-31 17:47:54.415 - ✅ [17:47:54.415] POST_PERSIST | ID: 07ab017c-ff96-48c1-b417-af15a21f4c24 | Version: 0 | Archived: false | Info: FileName: Constancia de CUIL.pdf, PERSISTED
2025-07-31 17:48:21.939 - 💾 [UPLOAD] BEFORE_SAVE_WITH_FILEPATH | ID: 57cbf552-b58b-437b-80f1-40459309e8df | FilePath: 24866484/57cbf552-b58b-437b-80f1-40459309e8df_DNI__Frontal__1753984101938.pdf
2025-07-31 17:48:21.940 - 💾 [REPO] BEFORE_MAPPING | ID: 57cbf552-b58b-437b-80f1-40459309e8df | Domain File: DNI (Frontal).pdf | FilePath: 24866484/57cbf552-b58b-437b-80f1-40459309e8df_DNI__Frontal__1753984101938.pdf | Caller: Unknown
2025-07-31 17:48:21.940 - 💾 [REPO] AFTER_MAPPING  | ID: 57cbf552-b58b-437b-80f1-40459309e8df | Entity Version: 0 | Entity File: DNI (Frontal).pdf | Entity FilePath: 24866484/57cbf552-b58b-437b-80f1-40459309e8df_DNI__Frontal__1753984101938.pdf
2025-07-31 17:48:21.941 - 🔍 [17:48:21.941] PRE_PERSIST  | ID: 57cbf552-b58b-437b-80f1-40459309e8df | Version: 0 | Archived: false | Info: FileName: DNI (Frontal).pdf, UploadDate: 2025-07-31T17:48:21.938056598 | Caller: DocumentEntity.debugPrePersist:101
2025-07-31 17:48:21.941 - 💾 [REPO] AFTER_JPA_SAVE | ID: 57cbf552-b58b-437b-80f1-40459309e8df | Final Version: 0 | Final File: DNI (Frontal).pdf | Final FilePath: 24866484/57cbf552-b58b-437b-80f1-40459309e8df_DNI__Frontal__1753984101938.pdf
2025-07-31 17:48:21.944 - ✅ [17:48:21.944] POST_PERSIST | ID: 57cbf552-b58b-437b-80f1-40459309e8df | Version: 0 | Archived: false | Info: FileName: DNI (Frontal).pdf, PERSISTED
2025-07-31 17:49:21.902 - 💾 [UPLOAD] BEFORE_SAVE_WITH_FILEPATH | ID: c7f87c58-97ae-4b5f-98da-c922abfc089a | FilePath: 24866484/c7f87c58-97ae-4b5f-98da-c922abfc089a_Certificado_de_Antecedentes_Penales_1753984161901.pdf
2025-07-31 17:49:21.902 - 💾 [REPO] BEFORE_MAPPING | ID: c7f87c58-97ae-4b5f-98da-c922abfc089a | Domain File: Certificado de Antecedentes Penales.pdf | FilePath: 24866484/c7f87c58-97ae-4b5f-98da-c922abfc089a_Certificado_de_Antecedentes_Penales_1753984161901.pdf | Caller: Unknown
2025-07-31 17:49:21.902 - 💾 [REPO] AFTER_MAPPING  | ID: c7f87c58-97ae-4b5f-98da-c922abfc089a | Entity Version: 0 | Entity File: Certificado de Antecedentes Penales.pdf | Entity FilePath: 24866484/c7f87c58-97ae-4b5f-98da-c922abfc089a_Certificado_de_Antecedentes_Penales_1753984161901.pdf
2025-07-31 17:49:21.903 - 🔍 [17:49:21.903] PRE_PERSIST  | ID: c7f87c58-97ae-4b5f-98da-c922abfc089a | Version: 0 | Archived: false | Info: FileName: Certificado de Antecedentes Penales.pdf, UploadDate: 2025-07-31T17:49:21.900319086 | Caller: DocumentEntity.debugPrePersist:101
2025-07-31 17:49:21.903 - 💾 [REPO] AFTER_JPA_SAVE | ID: c7f87c58-97ae-4b5f-98da-c922abfc089a | Final Version: 0 | Final File: Certificado de Antecedentes Penales.pdf | Final FilePath: 24866484/c7f87c58-97ae-4b5f-98da-c922abfc089a_Certificado_de_Antecedentes_Penales_1753984161901.pdf
2025-07-31 17:49:21.906 - ✅ [17:49:21.906] POST_PERSIST | ID: c7f87c58-97ae-4b5f-98da-c922abfc089a | Version: 0 | Archived: false | Info: FileName: Certificado de Antecedentes Penales.pdf, PERSISTED
2025-07-31 17:50:01.704 - 💾 [UPLOAD] BEFORE_SAVE_WITH_FILEPATH | ID: 4e4ff179-6a3b-4fd9-923d-07bfa234d1d7 | FilePath: 24866484/4e4ff179-6a3b-4fd9-923d-07bfa234d1d7_Certificado_Sin_Sanciones_Disciplinarias_1753984201704.pdf
2025-07-31 17:50:01.705 - 💾 [REPO] BEFORE_MAPPING | ID: 4e4ff179-6a3b-4fd9-923d-07bfa234d1d7 | Domain File: Certificado Sin Sanciones Disciplinarias.pdf | FilePath: 24866484/4e4ff179-6a3b-4fd9-923d-07bfa234d1d7_Certificado_Sin_Sanciones_Disciplinarias_1753984201704.pdf | Caller: Unknown
2025-07-31 17:50:01.705 - 💾 [REPO] AFTER_MAPPING  | ID: 4e4ff179-6a3b-4fd9-923d-07bfa234d1d7 | Entity Version: 0 | Entity File: Certificado Sin Sanciones Disciplinarias.pdf | Entity FilePath: 24866484/4e4ff179-6a3b-4fd9-923d-07bfa234d1d7_Certificado_Sin_Sanciones_Disciplinarias_1753984201704.pdf
2025-07-31 17:50:01.706 - 🔍 [17:50:01.706] PRE_PERSIST  | ID: 4e4ff179-6a3b-4fd9-923d-07bfa234d1d7 | Version: 0 | Archived: false | Info: FileName: Certificado Sin Sanciones Disciplinarias.pdf, UploadDate: 2025-07-31T17:50:01.703373154 | Caller: DocumentEntity.debugPrePersist:101
2025-07-31 17:50:01.706 - 💾 [REPO] AFTER_JPA_SAVE | ID: 4e4ff179-6a3b-4fd9-923d-07bfa234d1d7 | Final Version: 0 | Final File: Certificado Sin Sanciones Disciplinarias.pdf | Final FilePath: 24866484/4e4ff179-6a3b-4fd9-923d-07bfa234d1d7_Certificado_Sin_Sanciones_Disciplinarias_1753984201704.pdf
2025-07-31 17:50:01.708 - ✅ [17:50:01.708] POST_PERSIST | ID: 4e4ff179-6a3b-4fd9-923d-07bfa234d1d7 | Version: 0 | Archived: false | Info: FileName: Certificado Sin Sanciones Disciplinarias.pdf, PERSISTED
2025-07-31 17:50:47.395 - 💾 [UPLOAD] BEFORE_SAVE_WITH_FILEPATH | ID: c2520d9c-e3cd-4f59-806f-9be9a4b7d80d | FilePath: 24866484/c2520d9c-e3cd-4f59-806f-9be9a4b7d80d_Certificado_Ley_Micaela_1753984247394.pdf
2025-07-31 17:50:47.397 - 💾 [REPO] BEFORE_MAPPING | ID: c2520d9c-e3cd-4f59-806f-9be9a4b7d80d | Domain File: Certificado Ley Micaela.pdf | FilePath: 24866484/c2520d9c-e3cd-4f59-806f-9be9a4b7d80d_Certificado_Ley_Micaela_1753984247394.pdf | Caller: Unknown
2025-07-31 17:50:47.397 - 💾 [REPO] AFTER_MAPPING  | ID: c2520d9c-e3cd-4f59-806f-9be9a4b7d80d | Entity Version: 0 | Entity File: Certificado Ley Micaela.pdf | Entity FilePath: 24866484/c2520d9c-e3cd-4f59-806f-9be9a4b7d80d_Certificado_Ley_Micaela_1753984247394.pdf
2025-07-31 17:50:47.398 - 🔍 [17:50:47.398] PRE_PERSIST  | ID: c2520d9c-e3cd-4f59-806f-9be9a4b7d80d | Version: 0 | Archived: false | Info: FileName: Certificado Ley Micaela.pdf, UploadDate: 2025-07-31T17:50:47.394118278 | Caller: DocumentEntity.debugPrePersist:101
2025-07-31 17:50:47.399 - 💾 [REPO] AFTER_JPA_SAVE | ID: c2520d9c-e3cd-4f59-806f-9be9a4b7d80d | Final Version: 0 | Final File: Certificado Ley Micaela.pdf | Final FilePath: 24866484/c2520d9c-e3cd-4f59-806f-9be9a4b7d80d_Certificado_Ley_Micaela_1753984247394.pdf
2025-07-31 17:50:47.403 - ✅ [17:50:47.403] POST_PERSIST | ID: c2520d9c-e3cd-4f59-806f-9be9a4b7d80d | Version: 0 | Archived: false | Info: FileName: Certificado Ley Micaela.pdf, PERSISTED
2025-07-31 17:54:48.945 - 💾 [UPLOAD] BEFORE_SAVE_WITH_FILEPATH | ID: fd711e67-6ac2-402d-93e8-b9a83e1bafda | FilePath: 24866484/fd711e67-6ac2-402d-93e8-b9a83e1bafda_Documento_Adicional_1753984488945.pdf
2025-07-31 17:54:48.946 - 💾 [REPO] BEFORE_MAPPING | ID: fd711e67-6ac2-402d-93e8-b9a83e1bafda | Domain File: Documento Adicional.pdf | FilePath: 24866484/fd711e67-6ac2-402d-93e8-b9a83e1bafda_Documento_Adicional_1753984488945.pdf | Caller: Unknown
2025-07-31 17:54:48.946 - 💾 [REPO] AFTER_MAPPING  | ID: fd711e67-6ac2-402d-93e8-b9a83e1bafda | Entity Version: 0 | Entity File: Documento Adicional.pdf | Entity FilePath: 24866484/fd711e67-6ac2-402d-93e8-b9a83e1bafda_Documento_Adicional_1753984488945.pdf
2025-07-31 17:54:48.947 - 🔍 [17:54:48.947] PRE_PERSIST  | ID: fd711e67-6ac2-402d-93e8-b9a83e1bafda | Version: 0 | Archived: false | Info: FileName: Documento Adicional.pdf, UploadDate: 2025-07-31T17:54:48.944795112 | Caller: DocumentEntity.debugPrePersist:101
2025-07-31 17:54:48.947 - 💾 [REPO] AFTER_JPA_SAVE | ID: fd711e67-6ac2-402d-93e8-b9a83e1bafda | Final Version: 0 | Final File: Documento Adicional.pdf | Final FilePath: 24866484/fd711e67-6ac2-402d-93e8-b9a83e1bafda_Documento_Adicional_1753984488945.pdf
2025-07-31 17:54:48.949 - ✅ [17:54:48.949] POST_PERSIST | ID: fd711e67-6ac2-402d-93e8-b9a83e1bafda | Version: 0 | Archived: false | Info: FileName: Documento Adicional.pdf, PERSISTED
2025-07-31 18:22:30.104 - 💾 [UPLOAD] BEFORE_SAVE_WITH_FILEPATH | ID: 1ce1744e-33c3-44a1-9f86-01264f349a8e | FilePath: 40271004/1ce1744e-33c3-44a1-9f86-01264f349a8e_Documento_Adicional_1753986150103.pdf
2025-07-31 18:22:30.104 - 💾 [REPO] BEFORE_MAPPING | ID: 1ce1744e-33c3-44a1-9f86-01264f349a8e | Domain File: Documento Adicional.pdf | FilePath: 40271004/1ce1744e-33c3-44a1-9f86-01264f349a8e_Documento_Adicional_1753986150103.pdf | Caller: Unknown
2025-07-31 18:22:30.104 - 💾 [REPO] AFTER_MAPPING  | ID: 1ce1744e-33c3-44a1-9f86-01264f349a8e | Entity Version: 0 | Entity File: Documento Adicional.pdf | Entity FilePath: 40271004/1ce1744e-33c3-44a1-9f86-01264f349a8e_Documento_Adicional_1753986150103.pdf
2025-07-31 18:22:30.105 - 🔍 [18:22:30.105] PRE_PERSIST  | ID: 1ce1744e-33c3-44a1-9f86-01264f349a8e | Version: 0 | Archived: false | Info: FileName: Documento Adicional.pdf, UploadDate: 2025-07-31T18:22:30.103066776 | Caller: DocumentEntity.debugPrePersist:101
2025-07-31 18:22:30.105 - 💾 [REPO] AFTER_JPA_SAVE | ID: 1ce1744e-33c3-44a1-9f86-01264f349a8e | Final Version: 0 | Final File: Documento Adicional.pdf | Final FilePath: 40271004/1ce1744e-33c3-44a1-9f86-01264f349a8e_Documento_Adicional_1753986150103.pdf
2025-07-31 18:22:30.107 - ✅ [18:22:30.107] POST_PERSIST | ID: 1ce1744e-33c3-44a1-9f86-01264f349a8e | Version: 0 | Archived: false | Info: FileName: Documento Adicional.pdf, PERSISTED
2025-07-31 20:10:18.971 - 💾 [UPLOAD] BEFORE_SAVE_WITH_FILEPATH | ID: 3328a146-6b23-46a3-aa44-217108664e84 | FilePath: 33276793/3328a146-6b23-46a3-aa44-217108664e84_T_tulo_Universitario_y_Certificado_Anal_tico_1753992618969.pdf
2025-07-31 20:10:18.972 - 💾 [REPO] BEFORE_MAPPING | ID: 3328a146-6b23-46a3-aa44-217108664e84 | Domain File: Título Universitario y Certificado Analítico.pdf | FilePath: 33276793/3328a146-6b23-46a3-aa44-217108664e84_T_tulo_Universitario_y_Certificado_Anal_tico_1753992618969.pdf | Caller: Unknown
2025-07-31 20:10:18.972 - 💾 [REPO] AFTER_MAPPING  | ID: 3328a146-6b23-46a3-aa44-217108664e84 | Entity Version: 0 | Entity File: Título Universitario y Certificado Analítico.pdf | Entity FilePath: 33276793/3328a146-6b23-46a3-aa44-217108664e84_T_tulo_Universitario_y_Certificado_Anal_tico_1753992618969.pdf
2025-07-31 20:10:18.972 - 🔍 [20:10:18.972] PRE_PERSIST  | ID: 3328a146-6b23-46a3-aa44-217108664e84 | Version: 0 | Archived: false | Info: FileName: Título Universitario y Certificado Analítico.pdf, UploadDate: 2025-07-31T20:10:18.969110864 | Caller: DocumentEntity.debugPrePersist:101
2025-07-31 20:10:18.973 - 💾 [REPO] AFTER_JPA_SAVE | ID: 3328a146-6b23-46a3-aa44-217108664e84 | Final Version: 0 | Final File: Título Universitario y Certificado Analítico.pdf | Final FilePath: 33276793/3328a146-6b23-46a3-aa44-217108664e84_T_tulo_Universitario_y_Certificado_Anal_tico_1753992618969.pdf
2025-07-31 20:10:18.975 - ✅ [20:10:18.975] POST_PERSIST | ID: 3328a146-6b23-46a3-aa44-217108664e84 | Version: 0 | Archived: false | Info: FileName: Título Universitario y Certificado Analítico.pdf, PERSISTED
2025-07-31 20:10:46.880 - 💾 [REPO] BEFORE_MAPPING | ID: 3328a146-6b23-46a3-aa44-217108664e84 | Domain File: Título Universitario y Certificado Analítico.pdf | FilePath: 33276793/ARCHIVED_3328a146-6b23-46a3-aa44-217108664e84_TITULO_UNIVERSITARIO_Y_CERTIFICADO_ANALITICO_20250731_201046.pdf | Caller: Unknown
2025-07-31 20:10:46.880 - 💾 [REPO] AFTER_MAPPING  | ID: 3328a146-6b23-46a3-aa44-217108664e84 | Entity Version: 0 | Entity File: Título Universitario y Certificado Analítico.pdf | Entity FilePath: 33276793/ARCHIVED_3328a146-6b23-46a3-aa44-217108664e84_TITULO_UNIVERSITARIO_Y_CERTIFICADO_ANALITICO_20250731_201046.pdf
2025-07-31 20:10:46.880 - 💾 [REPO] AFTER_JPA_SAVE | ID: 3328a146-6b23-46a3-aa44-217108664e84 | Final Version: 0 | Final File: Título Universitario y Certificado Analítico.pdf | Final FilePath: 33276793/ARCHIVED_3328a146-6b23-46a3-aa44-217108664e84_TITULO_UNIVERSITARIO_Y_CERTIFICADO_ANALITICO_20250731_201046.pdf
2025-07-31 20:10:46.881 - 🔄 [20:10:46.880] PRE_UPDATE   | ID: 3328a146-6b23-46a3-aa44-217108664e84 | Version: 0 | Archived: true | Info: FileName: Título Universitario y Certificado Analítico.pdf, UPDATE | Caller: DocumentEntity.debugPreUpdate:121
2025-07-31 20:10:46.882 - ✅ [20:10:46.882] POST_UPDATE  | ID: 3328a146-6b23-46a3-aa44-217108664e84 | Version: 1 | Archived: true | Info: FileName: Título Universitario y Certificado Analítico.pdf, UPDATED
2025-07-31 20:19:22.854 - 💾 [UPLOAD] BEFORE_SAVE_WITH_FILEPATH | ID: 3033f1c5-a45e-4bec-9a2a-3637a37bfb43 | FilePath: 40558586/3033f1c5-a45e-4bec-9a2a-3637a37bfb43_DNI__Dorso__1753993162854.pdf
2025-07-31 20:19:22.856 - 💾 [REPO] BEFORE_MAPPING | ID: 3033f1c5-a45e-4bec-9a2a-3637a37bfb43 | Domain File: DNI (Dorso).pdf | FilePath: 40558586/3033f1c5-a45e-4bec-9a2a-3637a37bfb43_DNI__Dorso__1753993162854.pdf | Caller: Unknown
2025-07-31 20:19:22.856 - 💾 [REPO] AFTER_MAPPING  | ID: 3033f1c5-a45e-4bec-9a2a-3637a37bfb43 | Entity Version: 0 | Entity File: DNI (Dorso).pdf | Entity FilePath: 40558586/3033f1c5-a45e-4bec-9a2a-3637a37bfb43_DNI__Dorso__1753993162854.pdf
2025-07-31 20:19:22.856 - 🔍 [20:19:22.856] PRE_PERSIST  | ID: 3033f1c5-a45e-4bec-9a2a-3637a37bfb43 | Version: 0 | Archived: false | Info: FileName: DNI (Dorso).pdf, UploadDate: 2025-07-31T20:19:22.853577332 | Caller: DocumentEntity.debugPrePersist:101
2025-07-31 20:19:22.857 - 💾 [REPO] AFTER_JPA_SAVE | ID: 3033f1c5-a45e-4bec-9a2a-3637a37bfb43 | Final Version: 0 | Final File: DNI (Dorso).pdf | Final FilePath: 40558586/3033f1c5-a45e-4bec-9a2a-3637a37bfb43_DNI__Dorso__1753993162854.pdf
2025-07-31 20:19:22.859 - ✅ [20:19:22.859] POST_PERSIST | ID: 3033f1c5-a45e-4bec-9a2a-3637a37bfb43 | Version: 0 | Archived: false | Info: FileName: DNI (Dorso).pdf, PERSISTED
2025-07-31 20:22:08.044 - 💾 [UPLOAD] BEFORE_SAVE_WITH_FILEPATH | ID: ee4111ac-917e-4654-8f5e-4e271f02f32e | FilePath: 40558586/ee4111ac-917e-4654-8f5e-4e271f02f32e_Certificado_de_Antig_edad_Profesional_1753993328044.pdf
2025-07-31 20:22:08.045 - 💾 [REPO] BEFORE_MAPPING | ID: ee4111ac-917e-4654-8f5e-4e271f02f32e | Domain File: Certificado de Antigüedad Profesional.pdf | FilePath: 40558586/ee4111ac-917e-4654-8f5e-4e271f02f32e_Certificado_de_Antig_edad_Profesional_1753993328044.pdf | Caller: Unknown
2025-07-31 20:22:08.045 - 💾 [REPO] AFTER_MAPPING  | ID: ee4111ac-917e-4654-8f5e-4e271f02f32e | Entity Version: 0 | Entity File: Certificado de Antigüedad Profesional.pdf | Entity FilePath: 40558586/ee4111ac-917e-4654-8f5e-4e271f02f32e_Certificado_de_Antig_edad_Profesional_1753993328044.pdf
2025-07-31 20:22:08.046 - 🔍 [20:22:08.045] PRE_PERSIST  | ID: ee4111ac-917e-4654-8f5e-4e271f02f32e | Version: 0 | Archived: false | Info: FileName: Certificado de Antigüedad Profesional.pdf, UploadDate: 2025-07-31T20:22:08.043900548 | Caller: DocumentEntity.debugPrePersist:101
2025-07-31 20:22:08.046 - 💾 [REPO] AFTER_JPA_SAVE | ID: ee4111ac-917e-4654-8f5e-4e271f02f32e | Final Version: 0 | Final File: Certificado de Antigüedad Profesional.pdf | Final FilePath: 40558586/ee4111ac-917e-4654-8f5e-4e271f02f32e_Certificado_de_Antig_edad_Profesional_1753993328044.pdf
2025-07-31 20:22:08.048 - ✅ [20:22:08.048] POST_PERSIST | ID: ee4111ac-917e-4654-8f5e-4e271f02f32e | Version: 0 | Archived: false | Info: FileName: Certificado de Antigüedad Profesional.pdf, PERSISTED
